id,id_disciplina,id_professor
1,CDS0019,11
2,CET0012,16
3,CET0012,17
4,CET0013,15
5,CET0014,18
6,CET0022,19
7,CET0032,13
8,CET0036,20
9,CET0037,20
10,CET0038,21
11,CET0039,19
12,CET0040,18
13,CET0041,22
14,CET0041,23
15,CET0042,20
16,CET0043,12
17,CET0044,24
18,CET0045,25
19,CET0046,26
20,CET0046,21
21,CET0050,22
22,CET0051,21
23,CET0052,22
24,CET0053,13
25,CET0054,24
26,CET0055,21
27,CEM0005,27
28,CEM0005,28
29,CEM0015,38
30,CEM0015,38
31,CEM0018,39
32,CEM0018,40
33,CEM0018,40
34,CEM0018,39
35,CEM0018,39
36,CEM0021,41
37,CEM0021,42
38,CEM0021,43
39,CEM0043,46
40,CEM0047,47
41,CEM0047,48
42,CEM0047,30
43,CEM0047,33
44,CEM0051,49
45,CEM0051,50
46,CEM0051,51
47,CEM0051,52
48,CEM0051,53
49,CEM0051,54
50,CEM0051,55
51,CEM0051,56
52,CEM0051,57
53,CEM0051,58
54,CEM0051,59
55,CEM0054,60
56,CEM0058,61
57,CEM0058,62
58,CEM0110,28
59,CEM0110,33
60,CEM0125,67
61,CEM0129,69
62,CEM0132,71
63,CEM0132,72
64,CBH0002,74
65,DPG0928,89
66,DPG1232,97
67,DEX1108,47
68,DEX1108,103
69,DEX1108,104
70,DEX1108,33
71,DAP0008,105
72,DAP0011,106
73,DAP0021,105
74,DAP0030,107
75,DAP0042,108
76,DAP0042,109
77,DAP0044,107
78,DAP0060,111
79,DAP0067,112
80,DAP0079,113
81,DAP0079,113
82,DAP0084,114
83,DAP0084,114
84,DAP0093,115
85,DAP0093,108
86,DAP0096,116
87,DAP0096,116
88,DAP0096,116
89,DAP0096,117
90,DAP0096,117
91,DAP0098,118
92,DAP0098,118
93,DAP0101,106
94,DAP0101,119
95,DAP0101,120
96,DAP0101,121
97,DAP0103,112
98,DAP0104,122
99,DAP0105,123
100,DAP0107,115
101,DAP0107,108
102,DAP0108,124
103,DAP0110,125
104,DAP0111,125
105,DAP0115,126
106,DAP0115,115
107,DAP0117,124
108,DAP0118,124
109,DAP0120,127
110,DAP0123,128
111,DAP0124,111
112,DAP0125,121
113,DAP0126,128
114,DAP0128,129
115,DAP0128,119
116,DAP0128,130
117,DAP0128,129
118,DAP0130,130
119,DAP0130,120
120,DAP0130,131
121,DAP0130,120
122,DAP0143,132
123,DAP0143,118
124,DAP0145,105
125,DAP0145,133
126,DAP0149,123
127,DAP0154,108
128,DAP0154,109
129,DAP0158,125
130,DAP0164,139
131,DAP0170,140
132,DAP0171,116
133,DAP0172,107
134,DAP0174,125
135,DAP0175,123
136,DAP0176,125
137,COM0006,131
138,COM0007,141
139,COM0127,144
140,COM0128,145
141,COM0129,146
142,COM0130,147
143,COM0131,141
144,COM0132,145
145,COM0132,137
146,COM0133,147
147,COM0134,148
148,COM0135,117
149,COM0136,149
150,COM0137,148
151,COM0138,137
152,COM0139,149
153,COM0140,141
154,COM0141,150
155,COM0141,150
156,COM0142,151
157,COM0142,143
158,COM0143,152
159,COM0144,153
160,COM0145,146
161,COM0146,151
162,COM0146,143
163,COM0147,139
164,COM0147,154
165,COM0148,145
166,COM0148,151
167,COM0149,155
168,COM0150,136
169,COM0151,143
170,COM0151,151
171,COM0152,136
172,COM0152,153
173,COM0152,144
174,COM0153,155
175,COM0153,152
176,DIN0003,156
177,DIN0004,157
178,DIN0011,158
179,DIN0012,159
180,DIN0013,159
181,DIN0020,32
182,DIN0023,160
183,DIN0034,161
184,DIN0037,162
185,DIN0039,163
186,DIN0040,164
187,DIN0041,158
188,DIN0042,164
189,DIN0043,165
190,DIN0043,160
191,DIN0044,161
192,DIN0045,165
193,DIN0045,162
194,DIN0046,163
195,DIN0047,157
196,DIN0049,164
197,DIN0050,157
198,DIN0051,166
199,DIN0052,167
200,DIN0052,168
201,DIN0059,169
202,DIN0059,170
203,DIN0061,170
204,DIN0061,169
205,DIN0063,169
206,DIN0063,170
207,DIN0065,170
208,DIN0065,169
209,DPG0921,176
210,ENM0027,177
211,ENM0066,178
212,ENM0068,179
213,ENM0068,180
214,ENM0068,180
215,ENM0068,181
216,ENM0069,182
217,ENM0070,183
218,ENM0070,183
219,ENM0071,173
220,ENM0071,184
221,ENM0071,184
222,ENM0071,185
223,ENM0071,186
224,ENM0072,187
225,ENM0073,187
226,ENM0076,182
227,ENM0080,188
228,ENM0080,189
229,ENM0080,190
230,ENM0080,190
231,ENM0080,189
232,ENM0080,190
233,ENM0080,189
234,ENM0080,190
235,ENM0080,189
236,ENM0082,171
237,ENM0082,191
238,ENM0082,191
239,ENM0082,171
240,ENM0082,191
241,ENM0083,192
242,ENM0084,193
243,ENM0084,193
244,ENM0084,193
245,ENM0084,193
246,ENM0090,194
247,ENM0090,194
248,ENM0090,194
249,ENM0091,195
250,ENM0091,195
251,ENM0091,195
252,ENM0093,196
253,ENM0093,196
254,ENM0109,199
255,ENM0109,200
256,ENM0109,200
257,ENM0109,199
258,ENM0109,200
259,ENM0109,201
260,ENM0113,202
261,ENM0120,172
262,ENM0120,88
263,ENM0120,174
264,ENM0120,202
265,ENM0121,204
266,ENM0121,205
267,ENM0122,206
268,ENM0123,207
269,ENM0124,206
270,ENM0126,197
271,ENM0126,197
272,ENM0126,208
273,ENM0126,208
274,ENM0126,208
275,ENM0126,208
276,ENM0127,209
277,ENM0127,209
278,ENM0128,210
279,ENM0128,191
280,ENM0129,187
281,ENM0129,193
282,ENM0129,209
283,ENM0129,179
284,ENM0129,202
285,ENM0129,188
286,ENM0129,191
287,ENM0129,180
288,ENM0129,174
289,ENM0129,201
290,ENM0129,173
291,ENM0129,211
292,ENM0129,207
293,ENM0129,183
294,ENM0129,171
295,ENM0129,197
296,ENM0129,175
297,ENM0129,184
298,ENM0129,212
299,ENM0129,198
300,ENM0129,213
301,ENM0129,214
302,ENM0129,203
303,ENM0129,215
304,ENM0129,210
305,ENM0129,200
306,ENM0129,199
307,ENM0129,206
308,ENM0129,195
309,ENM0129,182
310,ENM0129,192
311,ENM0129,172
312,ENM0129,176
313,ENM0129,177
314,ENM0129,216
315,ENM0129,99
316,ENM0129,196
317,ENM0129,213
318,ENM0129,217
319,ENM0129,188
320,ENM0129,178
321,ENM0130,207
322,ENM0130,209
323,ENM0130,199
324,ENM0130,187
325,ENM0130,211
326,ENM0130,193
327,ENM0130,174
328,ENM0130,183
329,ENM0130,201
330,ENM0130,191
331,ENM0130,184
332,ENM0130,175
333,ENM0130,198
334,ENM0130,202
335,ENM0130,206
336,ENM0130,197
337,ENM0130,200
338,ENM0130,188
339,ENM0130,172
340,ENM0130,171
341,ENM0130,192
342,ENM0130,213
343,ENM0130,173
344,ENM0130,180
345,ENM0130,88
346,ENM0130,212
347,ENM0130,179
348,ENM0130,215
349,ENM0130,176
350,ENM0131,218
351,ENM0131,201
352,ENM0131,213
353,ENM0132,201
354,ENM0134,99
355,ENM0140,219
356,ENM0140,215
357,ENM0142,211
358,ENM0143,187
359,ENM0145,216
360,ENM0145,216
361,ENM0146,209
362,ENM0146,209
363,ENM0157,188
364,ENM0159,219
365,ENM0160,210
366,ENM0164,175
367,ENM0164,212
368,ENM0165,176
369,ENM0165,212
370,ENM0168,218
371,ENM0171,220
372,ENM0171,220
373,ENM0172,221
374,ENM0173,193
375,ENM0173,207
376,ENM0174,205
377,ENM0176,179
378,ENM0190,213
379,ENM0190,201
380,ENM0190,211
381,ENM0192,177
382,ENM0280,192
383,ENM0282,209
384,ENM0284,211
385,ELA0007,223
386,ELA0007,224
387,ELA0007,225
388,ELA0008,226
389,ELA0008,227
390,ELA0008,226
391,ELA0008,223
392,ELA0012,228
393,ELA0013,229
394,ELA0013,222
395,ELA0013,227
396,ELA0014,230
397,ELA0014,229
398,ELA0117,224
399,ELA0117,231
400,ELA0117,231
401,FAR0001,232
402,FAR0002,233
403,FAR0002,234
404,FAR0002,235
405,FAR0002,234
406,FAR0002,233
407,FAR0002,235
408,FAR0003,236
409,FAR0003,237
410,FAR0003,238
411,FAR0004,239
412,FAR0004,240
413,FAR0004,241
414,FAR0004,239
415,FAR0004,240
416,FAR0004,241
417,FAR0006,242
418,FAR0006,243
419,FAR0006,242
420,FAR0006,242
421,FAR0006,243
422,FAR0006,243
423,FAR0006,242
424,FAR0006,243
425,FAR0006,243
426,FAR0006,242
427,FAR0007,236
428,FAR0007,244
429,FAR0009,238
430,FAR0009,244
431,FAR0016,246
432,FAR0016,247
433,FAR0017,248
434,FAR0017,247
435,FAR0018,249
436,FAR0018,250
437,FAR0018,246
438,FAR0019,251
439,FAR0019,236
440,FAR0019,234
441,FAR0019,233
442,FAR0019,245
443,FAR0019,252
444,FAR0021,252
445,FAR0021,252
446,FAR0023,249
447,FAR0023,246
448,FAR0024,253
449,FAR0024,254
450,FAR0024,254
451,FAR0024,253
452,FAR0028,245
453,FAR0031,255
454,FAR0031,256
455,FAR0031,257
456,FAR0035,232
457,FAR0035,258
458,FAR0035,259
459,FAR0042,260
460,FAR0048,262
461,FAR0048,263
462,FAR0050,265
463,FAR0050,266
464,FAR0050,266
465,FAR0050,267
466,FAR0050,267
467,FAR0119,242
468,FAR0119,242
469,FAR0120,268
470,FAR0124,240
471,FAR0124,232
472,FAR0126,272
473,FAR0126,273
474,FAR0127,274
475,FAR0127,275
476,FAR0127,275
477,FAR0127,276
478,FAR0130,277
479,FAR0134,269
480,FAR0134,269
481,FAR0135,243
482,FAR0135,243
483,FAR0138,274
484,FAR0141,278
485,FAR0141,279
486,FAR0141,279
487,FAR0141,278
488,FAR0141,278
489,FAR0141,279
490,FAR0143,268
491,FAR0149,257
492,FAR0150,272
493,FAR0153,244
494,FAR0153,234
495,FAR0154,261
496,FAR0154,280
497,FAR0155,261
498,FAR0155,238
499,FAR0155,281
500,FAR0161,282
501,FAR0162,247
502,FAR0162,247
503,FAR0162,247
504,FAR0163,268
505,FAR0166,283
506,FAR0167,253
507,FAR0167,253
508,FAR0169,269
509,FAR0169,269
510,FAR0171,251
511,FAR0171,251
512,FAR0172,260
513,FAR0172,240
514,FAR0172,239
515,FAR0172,257
516,FAR0172,285
517,FAR0173,248
518,FAR0173,248
519,FAR0174,286
520,FAR0174,286
521,FAR0176,280
522,FAR0176,281
523,FAR0176,261
524,FAR0177,285
525,FAR0177,241
526,FAR0177,282
527,FAR0177,285
528,FAR0177,282
529,FAR0179,283
530,FAR0182,288
531,FAR0182,288
532,FAR0186,284
533,FAR0186,254
534,FAR0186,254
535,FAR0186,284
536,GPP0002,289
537,GPP0002,290
538,GPP0002,291
539,GPP0002,292
540,GPP0005,294
541,GPP0006,295
542,GPP0007,296
543,GPP0009,297
544,GPP0011,298
545,GPP0011,294
546,GPP0013,299
547,GPP0015,298
548,GPP0018,27
549,GPP0019,300
550,GPP0020,293
551,GPP0021,289
552,GPP0028,292
553,GPP0031,302
554,GPP0037,296
555,GPP0037,296
556,GPP0037,304
557,GPP0037,303
558,GPP0039,302
559,GPP0042,303
560,JOR0001,306
561,JOR0001,307
562,JOR0002,308
563,JOR0003,31
564,JOR0004,140
565,JOR0006,309
566,JOR0006,309
567,JOR0007,310
568,JOR0009,311
569,JOR0010,312
570,JOR0010,313
571,JOR0012,312
572,JOR0015,315
573,JOR0015,316
574,JOR0016,315
575,JOR0016,316
576,JOR0023,317
577,JOR0024,135
578,JOR0025,311
579,JOR0025,135
580,JOR0027,319
581,JOR0039,133
582,JOR0039,133
583,JOR0045,320
584,JOR0045,320
585,JOR0058,140
586,JOR0058,308
587,JOR0062,140
588,JOR0063,118
589,JOR0063,118
590,JOR0064,138
591,JOR0064,138
592,JOR0065,134
593,JOR0065,134
594,JOR0078,312
595,JOR0078,313
596,JOR0078,140
597,JOR0078,312
598,JOR0078,140
599,JOR0078,312
600,JOR0078,308
601,JOR0079,306
602,JOR0079,306
603,JOR0080,318
604,JOR0083,321
605,JOR0083,322
606,JOR0088,323
607,JOR0088,131
608,JOR0089,124
609,JOR0092,317
610,JOR0107,324
611,JOR0116,325
612,JOR0116,318
613,JOR0141,318
614,JOR0142,114
615,DPG0760,326
616,DPG1117,327
617,MAT0010,328
618,MAT0010,329
619,MAT0022,330
620,MAT0022,331
621,MAT0022,331
622,MAT0022,332
623,MAT0022,333
624,MAT0022,334
625,MAT0022,333
626,MAT0022,331
627,MAT0022,335
628,MAT0022,334
629,MAT0022,332
630,MAT0022,336
631,MAT0022,337
632,MAT0022,334
633,MAT0022,334
634,MAT0022,333
635,MAT0022,334
636,MAT0022,336
637,MAT0023,332
638,MAT0023,332
639,MAT0025,338
640,MAT0025,339
641,MAT0025,340
642,MAT0025,341
643,MAT0025,342
644,MAT0025,343
645,MAT0025,340
646,MAT0025,344
647,MAT0025,340
648,MAT0025,333
649,MAT0025,345
650,MAT0025,346
651,MAT0025,347
652,MAT0025,348
653,MAT0025,349
654,MAT0025,350
655,MAT0025,351
656,MAT0025,341
657,MAT0025,336
658,MAT0025,352
659,MAT0025,353
660,MAT0025,340
661,MAT0025,336
662,MAT0025,340
663,MAT0025,354
664,MAT0025,348
665,MAT0025,93
666,MAT0025,333
667,MAT0025,355
668,MAT0025,356
669,MAT0025,341
670,MAT0025,357
671,MAT0025,358
672,MAT0025,359
673,MAT0025,348
674,MAT0025,348
675,MAT0025,351
676,MAT0025,355
677,MAT0025,360
678,MAT0025,340
679,MAT0025,332
680,MAT0025,348
681,MAT0025,344
682,MAT0025,361
683,MAT0025,357
684,MAT0025,362
685,MAT0025,350
686,MAT0025,350
687,MAT0025,363
688,MAT0025,363
689,MAT0025,364
690,MAT0025,364
691,MAT0025,365
692,MAT0025,365
693,MAT0025,366
694,MAT0025,342
695,MAT0025,342
696,MAT0026,367
697,MAT0026,368
698,MAT0026,369
699,MAT0026,367
700,MAT0026,370
701,MAT0026,371
702,MAT0026,372
703,MAT0026,360
704,MAT0026,373
705,MAT0026,374
706,MAT0026,371
707,MAT0026,347
708,MAT0026,372
709,MAT0026,338
710,MAT0026,374
711,MAT0026,371
712,MAT0027,375
713,MAT0027,376
714,MAT0027,357
715,MAT0027,346
716,MAT0027,377
717,MAT0027,378
718,MAT0027,379
719,MAT0027,365
720,MAT0027,380
721,MAT0027,381
722,MAT0027,375
723,MAT0028,382
724,MAT0028,351
725,MAT0031,383
726,MAT0031,384
727,MAT0031,385
728,MAT0031,380
729,MAT0031,331
730,MAT0031,379
731,MAT0031,349
732,MAT0031,385
733,MAT0031,386
734,MAT0031,382
735,MAT0031,387
736,MAT0031,388
737,MAT0031,370
738,MAT0031,383
739,MAT0031,389
740,MAT0034,390
741,MAT0034,363
742,MAT0034,391
743,MAT0038,392
744,MAT0038,393
745,MAT0039,328
746,MAT0040,389
747,MAT0045,394
748,MAT0045,327
749,MAT0050,395
750,MAT0053,329
751,MAT0053,337
752,MAT0053,337
753,MAT0053,333
754,MAT0059,396
755,MAT0060,92
756,MAT0075,330
757,MAT0075,397
758,MAT0075,397
759,MAT0076,398
760,MAT0080,381
761,MAT0087,364
762,MAT0087,341
763,MAT0087,346
764,MAT0087,364
765,MAT0106,378
766,MAT0111,342
767,MAT0114,340
768,MAT0122,400
769,MAT0124,401
770,MAT0124,326
771,MAT0129,388
772,MAT0131,401
773,MAT0134,400
774,MAT0136,339
775,MAT0136,402
776,SOL0011,403
777,SOL0032,405
778,SOL0037,406
779,SOL0039,407
780,SOL0039,408
781,SOL0039,404
782,SOL0039,409
783,SOL0039,410
784,SOL0039,411
785,SOL0039,412
786,SOL0039,405
787,SOL0039,403
788,SOL0039,413
789,SOL0039,414
790,SOL0039,415
791,SOL0039,416
792,SOL0039,417
793,SOL0039,406
794,SOL0039,418
795,SOL0039,419
796,SOL0039,420
797,SOL0039,421
798,SOL0039,422
799,SOL0039,423
800,SOL0041,407
801,SOL0041,408
802,SOL0041,404
803,SOL0041,409
804,SOL0041,411
805,SOL0041,412
806,SOL0041,405
807,SOL0041,413
808,SOL0041,414
809,SOL0041,403
810,SOL0041,416
811,SOL0041,417
812,SOL0041,406
813,SOL0041,418
814,SOL0041,419
815,SOL0041,420
816,SOL0041,421
817,SOL0041,422
818,SOL0041,423
819,SOL0041,410
820,SOL0042,424
821,SOL0042,425
822,SOL0042,426
823,SOL0042,407
824,SOL0042,426
825,SOL0042,427
826,SOL0042,425
827,SOL0042,428
828,SOL0042,418
829,SOL0042,419
830,SOL0042,422
831,SOL0042,423
832,SOL0044,429
833,SOL0044,430
834,SOL0053,424
835,SOL0058,413
836,SOL0062,418
837,SOL0087,431
838,SOL0087,426
839,SOL0093,410
840,SOL0097,405
841,SOL0098,422
842,SOL0103,411
843,SOL0104,404
844,SOL0117,403
845,SOL0122,431
846,SOL0122,416
847,SOL0124,406
848,SOL0130,412
849,SOL0130,429
850,SOL0133,409
851,SOL0301,404
852,SOL0301,409
853,SOL0301,430
854,ADM0002,432
855,ADM0002,433
856,ADM0002,434
857,ADM0002,435
858,ADM0002,436
859,ADM0004,437
860,ADM0009,438
861,ADM0010,439
862,ADM0012,440
863,ADM0012,440
864,ADM0014,441
865,ADM0014,442
866,ADM0014,443
867,ADM0015,444
868,ADM0017,445
869,ADM0020,446
870,ADM0021,447
871,ADM0021,447
872,ADM0023,448
873,ADM0023,449
874,ADM0023,450
875,ADM0023,444
876,ADM0023,451
877,ADM0023,452
878,ADM0023,453
879,ADM0023,454
880,ADM0023,455
881,ADM0023,456
882,ADM0023,457
883,ADM0023,455
884,ADM0035,459
885,ADM0035,460
886,ADM0041,461
887,ADM0041,462
888,ADM0047,463
889,ADM0047,464
890,ADM0052,465
891,ADM0052,465
892,ADM0052,466
893,ADM0052,467
894,ADM0061,468
895,ADM0061,435
896,ADM0064,469
897,ADM0064,470
898,ADM0092,471
899,ADM0092,472
900,ADM0150,448
901,ADM0157,473
902,ADM0157,454
903,ADM0157,474
904,ADM0157,475
905,ADM0162,476
906,ADM0162,477
907,ADM0162,474
908,ADM0162,478
909,ADM0162,479
910,ADM0187,480
911,ADM0187,481
912,ADM0187,482
913,ADM0187,482
914,ADM0190,481
915,ADM0190,467
916,ADM0192,480
917,ADM0192,434
918,ADM0192,483
919,ADM0192,483
920,ADM0192,484
921,ADM0198,445
922,ADM0198,479
923,ADM0198,449
924,ADM0214,485
925,ADM0214,453
926,ADM0228,486
927,ADM0231,487
928,ADM0231,436
929,ADM0231,488
930,ADM0241,489
931,ADM0244,437
932,ADM0258,461
933,ADM0273,481
934,ADM0273,442
935,ADM0273,454
936,ADM0273,444
937,ADM0273,466
938,ADM0273,483
939,ADM0273,462
940,ADM0273,485
941,ADM0273,491
942,ADM0273,460
943,ADM0273,474
944,ADM0273,453
945,ADM0273,433
946,ADM0273,441
947,ADM0273,492
948,ADM0273,451
949,ADM0273,470
950,ADM0273,445
951,ADM0273,493
952,ADM0273,440
953,ADM0273,461
954,ADM0273,447
955,ADM0273,435
956,ADM0273,487
957,ADM0273,434
958,ADM0273,464
959,ADM0273,475
960,ADM0273,449
961,ADM0273,489
962,ADM0273,494
963,ADM0273,471
964,ADM0273,432
965,ADM0273,477
966,ADM0273,476
967,ADM0273,436
968,ADM0273,463
969,ADM0273,478
970,ADM0273,495
971,ADM0273,479
972,ADM0273,496
973,ADM0273,497
974,ADM0273,498
975,ADM0273,499
976,ADM0273,479
977,ADM0273,500
978,ADM0273,448
979,ADM0273,501
980,ADM0273,473
981,ADM0297,449
982,ADM0297,479
983,ADM0297,496
984,ADM0297,454
985,ADM0297,470
986,ADM0297,472
987,ADM0297,495
988,ADM0297,472
989,ADM0297,460
990,ADM0297,448
991,ADM0297,437
992,ADM0297,463
993,ADM0297,434
994,ADM0297,477
995,ADM0297,476
996,ADM0297,475
997,ADM0297,486
998,ADM0297,441
999,ADM0297,474
1000,ADM0297,465
1001,ADM0297,432
1002,ADM0297,438
1003,ADM0297,485
1004,ADM0297,489
1005,ADM0297,502
1006,ADM0297,481
1007,ADM0297,461
1008,ADM0297,503
1009,ADM0297,436
1010,ADM0297,478
1011,ADM0297,491
1012,ADM0297,435
1013,ADM0297,442
1014,ADM0297,444
1015,ADM0297,469
1016,ADM0297,447
1017,ADM0297,433
1018,ADM0297,498
1019,ADM0297,464
1020,ADM0297,471
1021,ADM0297,487
1022,ADM0297,459
1023,ADM0298,433
1024,ADM0298,456
1025,ADM0298,475
1026,ADM0300,438
1027,ADM0301,493
1028,ADM0304,504
1029,ADM0304,486
1030,ADM0306,469
1031,ADM0308,505
1032,ADM0308,460
1033,ADM0311,506
1034,ADM0313,435
1035,ADM0315,451
1036,ADM0315,459
1037,ADM0316,471
1038,ADM0316,507
1039,ADM0316,508
1040,ADM0316,500
1041,ADM0316,437
1042,ADM0316,451
1043,ADM0316,509
1044,ADM0317,453
1045,ADM0317,472
1046,ADM0318,491
1047,ADM0320,459
1048,ADM0320,442
1049,ADM0320,510
1050,ADM0321,500
1051,ADM0322,432
1052,DAN0009,512
1053,DAN0022,515
1054,DAN0022,516
1055,DAN0022,517
1056,DAN0022,518
1057,DAN0022,519
1058,DAN0022,512
1059,DAN0022,520
1060,DAN0022,511
1061,DAN0022,521
1062,DAN0022,517
1063,DAN0040,522
1064,DAN0041,523
1065,DAN0041,524
1066,DAN0041,514
1067,DAN0041,523
1068,DAN0042,518
1069,DAN0042,515
1070,DAN0062,516
1071,CEN0005,528
1072,CEN0006,529
1073,CEN0010,530
1074,CEN0011,531
1075,CEN0011,531
1076,CEN0012,528
1077,CEN0012,531
1078,CEN0016,533
1079,CEN0042,535
1080,CEN0042,536
1081,CEN0053,537
1082,CEN0053,538
1083,CEN0053,539
1084,CEN0053,536
1085,CEN0053,528
1086,CEN0055,538
1087,CEN0055,540
1088,CEN0055,532
1089,CEN0135,542
1090,CEN0164,530
1091,CEN0164,543
1092,CEN0165,544
1093,CEN0166,544
1094,CEN0167,545
1095,CEN0167,545
1096,CEN0168,540
1097,CEN0168,540
1098,CEN0169,546
1099,CEN0171,539
1100,CEN0171,547
1101,CEN0172,548
1102,CEN0172,548
1103,CEN0173,549
1104,CEN0173,549
1105,CEN0174,550
1106,CEN0174,550
1107,CEN0175,538
1108,CEN0175,539
1109,CEN0176,551
1110,CEN0176,549
1111,CEN0177,552
1112,CEN0177,552
1113,CEN0178,534
1114,CEN0179,553
1115,CEN0179,553
1116,CEN0182,536
1117,CEN0182,554
1118,CEN0183,554
1119,CEN0183,554
1120,CEN0184,535
1121,CEN0185,555
1122,CEN0189,530
1123,CEN0189,553
1124,CEN0191,542
1125,CEN0191,533
1126,VIS0001,557
1127,VIS0003,559
1128,VIS0005,560
1129,VIS0006,561
1130,VIS0007,562
1131,VIS0008,558
1132,VIS0011,563
1133,VIS0014,564
1134,VIS0016,559
1135,VIS0018,561
1136,VIS0020,565
1137,VIS0022,566
1138,VIS0023,567
1139,VIS0029,569
1140,VIS0029,569
1141,VIS0030,570
1142,VIS0030,571
1143,VIS0031,572
1144,VIS0031,572
1145,VIS0035,573
1146,VIS0035,573
1147,VIS0037,569
1148,VIS0037,574
1149,VIS0037,575
1150,VIS0037,576
1151,VIS0038,577
1152,VIS0038,578
1153,VIS0057,579
1154,VIS0057,579
1155,VIS0061,580
1156,VIS0063,581
1157,VIS0063,581
1158,VIS0063,582
1159,VIS0063,582
1160,VIS0065,583
1161,VIS0065,576
1162,VIS0067,584
1163,VIS0067,585
1164,VIS0067,586
1165,VIS0088,587
1166,VIS0088,587
1167,VIS0088,588
1168,VIS0114,580
1169,VIS0129,589
1170,VIS0129,590
1171,VIS0129,591
1172,VIS0129,591
1173,VIS0185,568
1174,VIS0185,592
1175,VIS0185,592
1176,VIS0187,593
1177,VIS0187,593
1178,VIS0188,594
1179,VIS0188,594
1180,VIS0189,557
1181,VIS0190,563
1182,VIS0212,595
1183,VIS0217,596
1184,VIS0219,597
1185,VIS0220,598
1186,VIS0230,596
1187,VIS0231,599
1188,VIS0231,599
1189,VIS0240,581
1190,VIS0249,583
1191,VIS0256,578
1192,VIS0294,567
1193,VIS0295,600
1194,VIS0296,585
1195,VIS0296,591
1196,VIS0297,575
1197,VIS0297,575
1198,CCA0004,601
1199,CCA0011,603
1200,CCA0012,604
1201,CCA0015,605
1202,CCA0015,606
1203,CCA0015,605
1204,CCA0015,607
1205,CCA0018,608
1206,CCA0018,609
1207,CCA0018,610
1208,CCA0018,607
1209,CCA0024,613
1210,CCA0024,614
1211,CCA0026,613
1212,CCA0026,615
1213,CCA0029,616
1214,CCA0029,616
1215,CCA0040,620
1216,CCA0040,621
1217,CCA0040,621
1218,CCA0042,619
1219,CCA0042,622
1220,CCA0044,623
1221,CCA0044,624
1222,CCA0044,610
1223,CCA0051,626
1224,CCA0051,627
1225,CCA0056,628
1226,CCA0056,612
1227,CCA0061,629
1228,CCA0061,630
1229,CCA0061,629
1230,CCA0067,617
1231,CCA0067,614
1232,CCA0069,631
1233,CCA0069,631
1234,CCA0074,601
1235,CCA0074,625
1236,CCA0076,632
1237,CCA0076,632
1238,CCA0077,633
1239,CCA0077,634
1240,CCA0081,635
1241,CCA0081,636
1242,CCA0081,602
1243,CCA0085,637
1244,CCA0085,637
1245,CCA0085,627
1246,CCA0089,604
1247,CCA0089,638
1248,CCA0091,639
1249,CCA0091,619
1250,CCA0093,58
1251,CCA0093,58
1252,CCA0099,640
1253,CCA0099,640
1254,CCA0103,641
1255,CCA0103,611
1256,CCA0103,641
1257,CCA0103,642
1258,CCA0103,642
1259,CCA0103,642
1260,CCA0103,611
1261,CCA0107,643
1262,CCA0107,643
1263,CCA0107,644
1264,CCA0107,644
1265,CCA0109,632
1266,CCA0109,640
1267,CCA0109,627
1268,CCA0109,610
1269,CCA0109,619
1270,CCA0109,641
1271,CCA0109,621
1272,CCA0109,58
1273,CCA0109,605
1274,CCA0109,633
1275,CCA0109,637
1276,CCA0109,625
1277,CCA0109,624
1278,CCA0109,628
1279,CCA0109,639
1280,CCA0109,617
1281,CCA0109,613
1282,CCA0109,629
1283,CCA0109,602
1284,CCA0109,615
1285,CCA0109,604
1286,CCA0109,614
1287,CCA0109,645
1288,CCA0109,603
1289,CCA0109,634
1290,CCA0109,608
1291,CCA0109,630
1292,CCA0109,635
1293,CCA0109,607
1294,CCA0109,601
1295,CCA0109,626
1296,CCA0109,638
1297,CCA0109,606
1298,CCA0109,623
1299,CCA0109,612
1300,CCA0109,631
1301,CCA0109,636
1302,CCA0109,609
1303,CCA0109,616
1304,CCA0109,622
1305,CCA0109,646
1306,CCA0111,626
1307,CCA0111,626
1308,CCA0153,645
1309,CCA0153,638
1310,CCA0153,606
1311,CCA0153,617
1312,CIC0002,647
1313,CIC0002,648
1314,CIC0002,649
1315,CIC0003,650
1316,CIC0004,651
1317,CIC0004,652
1318,CIC0004,653
1319,CIC0004,654
1320,CIC0004,655
1321,CIC0004,656
1322,CIC0004,657
1323,CIC0004,658
1324,CIC0004,655
1325,CIC0004,659
1326,CIC0004,660
1327,CIC0004,661
1328,CIC0004,662
1329,CIC0004,663
1330,CIC0004,663
1331,CIC0004,664
1332,CIC0004,665
1333,CIC0004,662
1334,CIC0004,666
1335,CIC0004,667
1336,CIC0005,668
1337,CIC0007,669
1338,CIC0007,670
1339,CIC0007,670
1340,CIC0007,669
1341,CIC0007,669
1342,CIC0007,670
1343,CIC0007,669
1344,CIC0007,669
1345,CIC0007,670
1346,CIC0007,669
1347,CIC0007,669
1348,CIC0007,669
1349,CIC0087,665
1350,CIC0087,671
1351,CIC0090,672
1352,CIC0090,673
1353,CIC0090,651
1354,CIC0090,659
1355,CIC0090,674
1356,CIC0093,675
1357,CIC0093,676
1358,CIC0095,649
1359,CIC0097,664
1360,CIC0097,677
1361,CIC0099,678
1362,CIC0099,679
1363,CIC0099,650
1364,CIC0101,680
1365,CIC0101,680
1366,CIC0104,681
1367,CIC0104,675
1368,CIC0105,682
1369,CIC0105,671
1370,CIC0108,683
1371,CIC0108,665
1372,CIC0124,684
1373,CIC0124,662
1374,CIC0124,674
1375,CIC0135,685
1376,CIC0142,686
1377,CIC0142,686
1378,CIC0152,663
1379,CIC0158,689
1380,CIC0161,648
1381,CIC0169,666
1382,CIC0176,681
1383,CIC0177,690
1384,CIC0182,691
1385,CIC0182,692
1386,CIC0182,693
1387,CIC0186,679
1388,CIC0188,694
1389,CIC0189,692
1390,CIC0189,688
1391,CIC0191,661
1392,CIC0197,682
1393,CIC0197,670
1394,CIC0197,682
1395,CIC0198,697
1396,CIC0199,695
1397,CIC0200,696
1398,CIC0201,694
1399,CIC0201,694
1400,CIC0202,672
1401,CIC0203,686
1402,CIC0204,689
1403,CIC0205,665
1404,CIC0206,698
1405,CIC0207,687
1406,CIC0208,698
1407,CIC0209,698
1408,CIC0212,668
1409,CIC0213,698
1410,CIC0218,668
1411,CIC0220,668
1412,CIC0222,668
1413,CIC0225,699
1414,CIC0226,690
1415,CIC0229,700
1416,CIC0229,701
1417,CIC0231,700
1418,CIC0231,701
1419,CIC0231,700
1420,CIC0231,701
1421,CIC0234,688
1422,CIC0235,702
1423,CIC0236,673
1424,CIC0247,701
1425,CIC0247,664
1426,CIC0248,678
1427,CIC0256,700
1428,CIC0258,666
1429,CFS0057,703
1430,ECO0002,704
1431,ECO0019,706
1432,ECO0019,707
1433,ECO0019,706
1434,ECO0019,708
1435,ECO0019,709
1436,ECO0019,710
1437,ECO0019,711
1438,ECO0019,712
1439,ECO0019,713
1440,ECO0019,714
1441,ECO0019,715
1442,ECO0019,716
1443,ECO0019,717
1444,ECO0019,718
1445,ECO0021,719
1446,ECO0021,719
1447,ECO0021,720
1448,ECO0021,720
1449,ECO0023,721
1450,ECO0023,722
1451,ECO0023,723
1452,ECO0023,724
1453,ECO0023,722
1454,ECO0025,725
1455,ECO0040,717
1456,ECO0050,726
1457,ECO0050,713
1458,ECO0050,726
1459,ECO0054,715
1460,ECO0072,713
1461,ECO0072,727
1462,ECO0072,723
1463,ECO0072,720
1464,ECO0079,728
1465,ECO0099,729
1466,ECO0114,730
1467,ECO0124,731
1468,ECO0126,732
1469,ECO0126,733
1470,ECO0128,704
1471,ECO0128,734
1472,ECO0134,735
1473,ECO0134,736
1474,ECO0141,711
1475,ECO0159,737
1476,ECO0185,732
1477,ECO0187,738
1478,ECO0187,739
1479,ECO0189,740
1480,ECO0194,730
1481,ECO0199,739
1482,ECO0199,741
1483,ECO0218,724
1484,ECO0218,742
1485,ECO0220,743
1486,ECO0258,744
1487,ECO0261,723
1488,ECO0262,710
1489,ECO0270,716
1490,ECO0272,726
1491,ECO0274,704
1492,ECO0275,716
1493,ECO0276,745
1494,ECO0279,729
1495,ECO0280,746
1496,ECO0284,727
1497,ENF0005,750
1498,ENF0005,751
1499,ENF0005,752
1500,ENF0005,753
1501,ENF0005,754
1502,ENF0005,755
1503,ENF0005,747
1504,ENF0005,756
1505,ENF0006,757
1506,ENF0006,758
1507,ENF0006,747
1508,ENF0006,747
1509,ENF0006,759
1510,ENF0006,760
1511,ENF0006,761
1512,ENF0006,749
1513,ENF0006,762
1514,ENF0006,763
1515,ENF0006,763
1516,ENF0006,764
1517,ENF0006,765
1518,ENF0006,766
1519,ENF0006,766
1520,ENF0006,767
1521,ENF0006,767
1522,ENF0006,768
1523,ENF0006,768
1524,ENF0006,769
1525,ENF0006,769
1526,ENF0007,748
1527,ENF0007,758
1528,ENF0007,764
1529,ENF0007,769
1530,ENF0007,754
1531,ENF0007,770
1532,ENF0007,761
1533,ENF0007,757
1534,ENF0007,766
1535,ENF0007,752
1536,ENF0007,759
1537,ENF0009,752
1538,ENF0009,766
1539,ENF0009,757
1540,ENF0009,771
1541,ENF0009,748
1542,ENF0009,769
1543,ENF0009,760
1544,ENF0009,763
1545,ENF0009,758
1546,ENF0009,756
1547,ENF0009,761
1548,ENF0009,770
1549,ENF0009,764
1550,ENF0010,748
1551,ENF0010,752
1552,ENF0010,772
1553,ENF0010,773
1554,ENF0010,755
1555,ENF0010,747
1556,ENF0010,765
1557,ENF0010,774
1558,ENF0010,766
1559,ENF0010,757
1560,ENF0010,759
1561,ENF0010,762
1562,ENF0010,760
1563,ENF0010,754
1564,ENF0010,768
1565,ENF0010,769
1566,ENF0010,750
1567,ENF0010,770
1568,ENF0010,771
1569,ENF0010,756
1570,ENF0010,768
1571,ENF0010,753
1572,ENF0010,764
1573,ENF0047,775
1574,ENF0047,776
1575,ENF0047,770
1576,ENF0047,774
1577,ENF0051,758
1578,ENF0051,777
1579,ENF0054,776
1580,ENF0057,778
1581,ENF0058,748
1582,ENF0058,778
1583,ENF0059,776
1584,ENF0059,775
1585,ENF0059,779
1586,ENF0059,780
1587,ENF0059,774
1588,ENF0059,780
1589,ENF0060,780
1590,ENF0061,777
1591,ENF0061,770
1592,ENF0061,757
1593,ENF0061,758
1594,ENF0061,770
1595,ENF0061,757
1596,ENF0061,757
1597,ENF0061,758
1598,ENF0061,777
1599,ENF0062,754
1600,ENF0062,759
1601,ENF0062,750
1602,ENF0062,756
1603,ENF0062,751
1604,ENF0062,781
1605,ENF0063,750
1606,ENF0063,751
1607,ENF0063,754
1608,ENF0063,756
1609,ENF0063,782
1610,ENF0063,759
1611,ENF0063,772
1612,ENF0065,783
1613,ENF0065,769
1614,ENF0065,767
1615,ENF0065,768
1616,ENF0065,764
1617,ENF0065,765
1618,ENF0065,784
1619,ENF0067,747
1620,ENF0067,766
1621,ENF0067,785
1622,ENF0067,749
1623,ENF0067,752
1624,ENF0067,762
1625,ENF0067,760
1626,ENF0068,755
1627,ENF0068,753
1628,ENF0068,755
1629,ENF0068,778
1630,ENF0068,756
1631,ENF0068,782
1632,ENF0069,780
1633,ENF0073,762
1634,ENF0073,770
1635,ENF0073,755
1636,ENF0073,767
1637,ENF0073,758
1638,ENF0073,747
1639,ENF0073,752
1640,ENF0073,769
1641,ENF0073,765
1642,ENF0073,774
1643,ENF0073,748
1644,ENF0073,750
1645,ENF0073,766
1646,ENF0073,760
1647,ENF0073,754
1648,ENF0073,773
1649,ENF0073,753
1650,ENF0073,761
1651,ENF0073,771
1652,ENF0073,756
1653,ENF0073,753
1654,ENF0081,782
1655,ENF0081,753
1656,ENF0085,757
1657,ENF0086,776
1658,ENF0086,779
1659,ENF0086,775
1660,ENF0086,774
1661,ENF0087,777
1662,ENC0001,786
1663,ENC0002,787
1664,ENC0003,103
1665,ENC0004,788
1666,ENC0004,789
1667,ENC0007,790
1668,ENC0010,791
1669,ENC0013,792
1670,ENC0015,103
1671,ENC0016,793
1672,ENC0016,794
1673,ENC0020,790
1674,ENC0026,799
1675,ENC0031,103
1676,ENC0031,787
1677,ENC0035,810
1678,ENC0035,811
1679,ENC0035,810
1680,ENC0035,812
1681,ENC0037,796
1682,ENC0037,796
1683,ENC0038,813
1684,ENC0040,814
1685,ENC0042,815
1686,ENC0045,816
1687,ENC0049,817
1688,ENC0050,818
1689,ENC0052,789
1690,ENC0053,802
1691,ENC0053,816
1692,ENC0053,804
1693,ENC0053,819
1694,ENC0053,804
1695,ENC0053,819
1696,ENC0053,820
1697,ENC0121,818
1698,ENC0121,821
1699,ENC0121,822
1700,ENC0128,820
1701,ENC0128,823
1702,ENC0128,823
1703,ENC0128,823
1704,ENC0132,824
1705,ENC0132,825
1706,ENC0133,826
1707,ENC0134,827
1708,ENC0134,828
1709,ENC0135,829
1710,ENC0135,830
1711,ENC0137,828
1712,ENC0137,831
1713,ENC0140,806
1714,ENC0145,832
1715,ENC0146,824
1716,ENC0148,834
1717,ENC0151,836
1718,ENC0152,836
1719,ENC0165,792
1720,ENC0166,792
1721,ENC0166,798
1722,ENC0168,799
1723,ENC0169,788
1724,ENC0183,808
1725,ENC0183,793
1726,ENC0188,838
1727,ENC0199,839
1728,ENC0199,839
1729,ENC0200,840
1730,ENC0202,841
1731,ENC0203,842
1732,ENC0206,843
1733,ENC0207,842
1734,ENC0218,815
1735,ENC0225,817
1736,ENC0229,844
1737,ENC0230,844
1738,ENC0230,845
1739,ENC0235,807
1740,ENC0235,794
1741,ENC0238,846
1742,ENC0239,807
1743,ENC0240,846
1744,ENC0240,793
1745,ENC0240,822
1746,ENC0240,846
1747,ENC0240,821
1748,ENC0240,822
1749,ENC0240,821
1750,ENC0240,821
1751,ENC0241,808
1752,ENC0241,847
1753,ENC0241,793
1754,ENC0246,819
1755,ENC0251,801
1756,ENC0251,801
1757,ENC0252,797
1758,ENC0252,797
1759,ENC0252,797
1760,ENC0252,797
1761,ENC0252,797
1762,ENC0254,845
1763,ENC0255,845
1764,ENC0255,845
1765,ENC0263,786
1766,ENC0264,840
1767,ENC0266,795
1768,ENC0267,802
1769,ENC0267,852
1770,ENC0268,806
1771,ENC0269,800
1772,ENC0270,800
1773,ENC0270,800
1774,ENC0270,800
1775,ENC0270,800
1776,ENC0271,848
1777,ENC0272,790
1778,ENC0273,791
1779,ENC0273,786
1780,ENC0273,786
1781,ENC0273,791
1782,ENC0273,791
1783,ENC0273,786
1784,ENC0273,791
1785,ENC0274,795
1786,ENC0275,853
1787,ENC0276,848
1788,ENC0276,848
1789,ENC0277,848
1790,EPR0001,854
1791,EPR0001,854
1792,EPR0002,855
1793,EPR0004,856
1794,EPR0005,857
1795,EPR0006,805
1796,EPR0007,858
1797,EPR0008,859
1798,EPR0008,859
1799,EPR0009,860
1800,EPR0012,861
1801,EPR0013,859
1802,EPR0014,862
1803,EPR0019,863
1804,EPR0021,864
1805,EPR0022,862
1806,EPR0030,858
1807,EPR0035,866
1808,EPR0039,863
1809,EPR0049,855
1810,EPR0051,867
1811,EPR0051,858
1812,EPR0056,805
1813,EPR0056,868
1814,EPR0059,805
1815,EPR0059,805
1816,EPR0061,863
1817,EPR0064,857
1818,EPR0065,860
1819,EPR0066,856
1820,EPR0068,865
1821,EPR0068,866
1822,EPR0068,869
1823,EPR0068,870
1824,EPR0068,866
1825,EPR0069,866
1826,EPR0071,805
1827,EPR0072,867
1828,EPR0073,864
1829,EPR0073,867
1830,EPR0076,864
1831,EPR0077,871
1832,ENE0001,872
1833,ENE0001,873
1834,ENE0001,874
1835,ENE0002,875
1836,ENE0002,875
1837,ENE0002,875
1838,ENE0002,875
1839,ENE0004,876
1840,ENE0005,877
1841,ENE0006,876
1842,ENE0006,876
1843,ENE0011,878
1844,ENE0011,878
1845,ENE0013,879
1846,ENE0013,880
1847,ENE0015,881
1848,ENE0016,882
1849,ENE0017,883
1850,ENE0022,884
1851,ENE0024,881
1852,ENE0025,882
1853,ENE0026,885
1854,ENE0039,887
1855,ENE0039,888
1856,ENE0039,889
1857,ENE0040,890
1858,ENE0040,890
1859,ENE0040,891
1860,ENE0040,891
1861,ENE0040,891
1862,ENE0040,891
1863,ENE0045,892
1864,ENE0045,887
1865,ENE0045,887
1866,ENE0046,893
1867,ENE0046,893
1868,ENE0046,894
1869,ENE0046,894
1870,ENE0046,888
1871,ENE0046,888
1872,ENE0047,895
1873,ENE0048,896
1874,ENE0048,896
1875,ENE0049,897
1876,ENE0050,897
1877,ENE0050,897
1878,ENE0053,898
1879,ENE0054,899
1880,ENE0054,899
1881,ENE0054,899
1882,ENE0054,899
1883,ENE0056,900
1884,ENE0056,890
1885,ENE0058,900
1886,ENE0058,889
1887,ENE0058,901
1888,ENE0058,900
1889,ENE0058,889
1890,ENE0058,901
1891,ENE0066,893
1892,ENE0066,893
1893,ENE0066,893
1894,ENE0066,903
1895,ENE0067,904
1896,ENE0067,877
1897,ENE0067,905
1898,ENE0068,906
1899,ENE0068,907
1900,ENE0071,908
1901,ENE0071,909
1902,ENE0072,874
1903,ENE0072,873
1904,ENE0072,874
1905,ENE0072,873
1906,ENE0073,910
1907,ENE0073,910
1908,ENE0073,910
1909,ENE0073,910
1910,ENE0073,896
1911,ENE0074,911
1912,ENE0074,911
1913,ENE0074,911
1914,ENE0074,911
1915,ENE0074,896
1916,ENE0077,912
1917,ENE0077,913
1918,ENE0077,914
1919,ENE0078,915
1920,ENE0078,915
1921,ENE0078,915
1922,ENE0078,915
1923,ENE0079,912
1924,ENE0088,916
1925,ENE0089,878
1926,ENE0090,917
1927,ENE0090,882
1928,ENE0090,918
1929,ENE0091,880
1930,ENE0155,901
1931,ENE0167,913
1932,ENE0177,919
1933,ENE0177,898
1934,ENE0186,895
1935,ENE0228,908
1936,ENE0274,881
1937,ENE0276,916
1938,ENE0282,922
1939,ENE0282,922
1940,ENE0282,903
1941,ENE0282,894
1942,ENE0282,894
1943,ENE0289,923
1944,ENE0295,924
1945,ENE0295,924
1946,ENE0295,919
1947,ENE0295,919
1948,ENE0295,925
1949,ENE0295,925
1950,ENE0304,886
1951,ENE0304,926
1952,ENE0304,926
1953,ENE0306,921
1954,ENE0306,924
1955,ENE0334,880
1956,ENE0334,879
1957,ENE0352,883
1958,EFL0001,928
1959,EFL0003,929
1960,EFL0004,930
1961,EFL0004,930
1962,EFL0010,931
1963,EFL0011,932
1964,EFL0013,933
1965,EFL0014,934
1966,EFL0020,935
1967,EFL0021,936
1968,EFL0021,937
1969,EFL0023,938
1970,EFL0025,939
1971,EFL0026,931
1972,EFL0026,931
1973,EFL0029,936
1974,EFL0029,937
1975,EFL0029,937
1976,EFL0029,936
1977,EFL0033,928
1978,EFL0034,940
1979,EFL0036,941
1980,EFL0040,942
1981,EFL0040,942
1982,EFL0043,941
1983,EFL0044,943
1984,EFL0047,939
1985,EFL0049,944
1986,EFL0049,944
1987,EFL0050,945
1988,EFL0051,945
1989,EFL0055,929
1990,EFL0063,941
1991,EFL0063,928
1992,EFL0063,937
1993,EFL0063,939
1994,EFL0063,936
1995,EFL0063,946
1996,EFL0063,940
1997,EFL0063,930
1998,EFL0063,945
1999,EFL0063,947
2000,EFL0063,934
2001,EFL0083,947
2002,EFL0089,947
2003,EFL0095,950
2004,EFL0096,940
2005,EFL0097,950
2006,EFL0099,937
2007,EFL0100,934
2008,EST0001,951
2009,EST0001,951
2010,EST0004,952
2011,EST0014,953
2012,EST0015,954
2013,EST0016,955
2014,EST0017,956
2015,EST0019,957
2016,EST0019,958
2017,EST0019,959
2018,EST0019,957
2019,EST0019,960
2020,EST0019,955
2021,EST0019,961
2022,EST0019,960
2023,EST0019,961
2024,EST0023,953
2025,EST0023,962
2026,EST0023,963
2027,EST0023,962
2028,EST0023,964
2029,EST0023,965
2030,EST0023,966
2031,EST0023,87
2032,EST0023,967
2033,EST0023,968
2034,EST0027,969
2035,EST0027,969
2036,EST0027,970
2037,EST0033,970
2038,EST0035,971
2039,EST0036,972
2040,EST0038,967
2041,EST0040,958
2042,EST0042,973
2043,EST0046,956
2044,EST0048,974
2045,EST0051,968
2046,EST0064,975
2047,EST0069,952
2048,EST0070,959
2049,EST0077,951
2050,EST0081,976
2051,EST0091,954
2052,FIL0002,977
2053,FIL0002,978
2054,FIL0003,979
2055,FIL0003,980
2056,FIL0004,981
2057,FIL0004,982
2058,FIL0007,983
2059,FIL0007,984
2060,FIL0007,985
2061,FIL0025,986
2062,FIL0025,987
2063,FIL0025,978
2064,FIL0025,988
2065,FIL0025,989
2066,FIL0025,990
2067,FIL0025,980
2068,FIL0025,991
2069,FIL0025,979
2070,FIL0025,992
2071,FIL0025,985
2072,FIL0025,983
2073,FIL0025,993
2074,FIL0025,994
2075,FIL0025,995
2076,FIL0025,73
2077,FIL0025,996
2078,FIL0025,997
2079,FIL0025,982
2080,FIL0025,998
2081,FIL0025,999
2082,FIL0025,992
2083,FIL0025,981
2084,FIL0025,1000
2085,FIL0025,1001
2086,FIL0025,1002
2087,FIL0025,1003
2088,FIL0025,1004
2089,FIL0025,977
2090,FIL0025,1005
2091,FIL0025,1006
2092,FIL0028,978
2093,FIL0028,992
2094,FIL0028,997
2095,FIL0028,1006
2096,FIL0028,995
2097,FIL0028,1003
2098,FIL0028,985
2099,FIL0028,980
2100,FIL0028,988
2101,FIL0028,987
2102,FIL0028,989
2103,FIL0028,990
2104,FIL0028,998
2105,FIL0028,979
2106,FIL0028,986
2107,FIL0028,993
2108,FIL0028,1004
2109,FIL0028,983
2110,FIL0028,982
2111,FIL0028,996
2112,FIL0028,1007
2113,FIL0028,1001
2114,FIL0028,1002
2115,FIL0028,994
2116,FIL0028,991
2117,FIL0028,977
2118,FIL0028,1005
2119,FIL0028,999
2120,FIL0028,992
2121,FIL0028,981
2122,FIL0028,990
2123,FIL0069,1008
2124,FIL0069,1009
2125,FIL0069,997
2126,FIL0069,1002
2127,FIL0069,995
2128,FIL0069,992
2129,FIL0069,1009
2130,FIL0069,73
2131,FIL0069,997
2132,FIL0069,1009
2133,FIL0146,987
2134,FIL0152,73
2135,FIL0165,989
2136,FIL0165,990
2137,FIL0166,983
2138,FIL0166,996
2139,FIL0167,991
2140,FIL0167,1005
2141,FIL0168,982
2142,FIL0168,981
2143,FIL0171,988
2144,FIL0171,981
2145,FIL0174,981
2146,FIL0174,988
2147,FIL0175,994
2148,FIL0175,991
2149,FIL0176,986
2150,FIL0176,986
2151,FIL0177,1006
2152,FIL0177,998
2153,FIL0179,1008
2154,FIL0179,1008
2155,FIL0180,1001
2156,FIL0180,1007
2157,FIL0181,1004
2158,FIL0181,1004
2159,FIL0182,979
2160,FIL0182,1003
2161,FIL0183,1000
2162,FIL0183,1000
2163,FIL0184,989
2164,GEA0003,1011
2165,GEA0010,1012
2166,GEA0011,1013
2167,GEA0011,1014
2168,GEA0011,1013
2169,GEA0011,1014
2170,GEA0012,1015
2171,GEA0014,1016
2172,GEA0017,1017
2173,GEA0019,1019
2174,GEA0020,1020
2175,GEA0030,1023
2176,GEA0030,1024
2177,GEA0032,1011
2178,GEA0032,1025
2179,GEA0036,1026
2180,GEA0036,1026
2181,GEA0038,1027
2182,GEA0038,1012
2183,GEA0038,1027
2184,GEA0039,1028
2185,GEA0040,1029
2186,GEA0041,1022
2187,GEA0041,1022
2188,GEA0042,1030
2189,GEA0046,1028
2190,GEA0049,1030
2191,GEA0050,1031
2192,GEA0051,1020
2193,GEA0059,1032
2194,GEA0060,1033
2195,GEA0061,1021
2196,GEA0062,1031
2197,GEA0062,1025
2198,GEA0078,1034
2199,GEA0085,1031
2200,GEA0085,1025
2201,GEA0087,1011
2202,GEA0087,1025
2203,HIS0028,1037
2204,HIS0031,1038
2205,HIS0031,1039
2206,HIS0031,1040
2207,HIS0031,1041
2208,HIS0046,1043
2209,HIS0072,1048
2210,HIS0084,1049
2211,HIS0084,1041
2212,HIS0084,1050
2213,HIS0084,1049
2214,HIS0084,1051
2215,HIS0084,1050
2216,HIS0084,1051
2217,HIS0090,1052
2218,HIS0090,1053
2219,HIS0091,1046
2220,HIS0091,1046
2221,HIS0091,1054
2222,HIS0093,1055
2223,HIS0093,1056
2224,HIS0095,1056
2225,HIS0095,1055
2226,HIS0097,1057
2227,HIS0097,1058
2228,HIS0099,1058
2229,HIS0099,1057
2230,HIS0100,1059
2231,HIS0100,1060
2232,HIS0102,1061
2233,HIS0102,1061
2234,HIS0104,1040
2235,HIS0104,1037
2236,HIS0106,1062
2237,HIS0106,1062
2238,HIS0107,1044
2239,HIS0107,1045
2240,HIS0111,1043
2241,HIS0111,1060
2242,HIS0111,1063
2243,HIS0111,1064
2244,HIS0115,1065
2245,HIS0115,1066
2246,HIS0126,1042
2247,HIS0129,1040
2248,HIS0129,1064
2249,HIS0138,1054
2250,HIS0138,1054
2251,HIS0140,1067
2252,HIS0140,1067
2253,HIS0150,1068
2254,HIS0197,1070
2255,HIS0212,1065
2256,HIS0250,1047
2257,HIS0250,1053
2258,HIS0251,1041
2259,HIS0251,1072
2260,HIS0252,1073
2261,HIS0252,1073
2262,DPG0082,1074
2263,LIP0003,1075
2264,LIP0004,1075
2265,LIP0005,1076
2266,LIP0006,1076
2267,LIP0007,1077
2268,LIP0008,1078
2269,LIP0009,1079
2270,LIP0010,1080
2271,LIP0010,1081
2272,LIP0011,1082
2273,LIP0012,1083
2274,LIP0012,1080
2275,LIP0018,1084
2276,LIP0018,1080
2277,LIP0019,1085
2278,LIP0020,1083
2279,LIP0026,1087
2280,LIP0027,1088
2281,LIP0028,1089
2282,LIP0029,1084
2283,LIP0032,1086
2284,LIP0034,1088
2285,LIP0034,1083
2286,LIP0034,1080
2287,LIP0034,1090
2288,LIP0034,1091
2289,LIP0034,1085
2290,LIP0034,1086
2291,LIP0034,1087
2292,LIP0035,1086
2293,LIP0045,1092
2294,LIP0045,1093
2295,LIP0045,1094
2296,LIP0045,1095
2297,LIP0045,1096
2298,LIP0045,89
2299,LIP0045,1097
2300,LIP0045,1092
2301,LIP0045,1093
2302,LIP0045,1094
2303,LIP0050,1098
2304,LIP0061,1099
2305,LIP0061,1099
2306,LIP0061,1098
2307,LIP0082,1100
2308,LIP0082,1101
2309,LIP0085,1102
2310,LIP0092,1103
2311,LIP0092,1104
2312,LIP0092,1105
2313,LIP0092,1101
2314,LIP0092,1102
2315,LIP0092,40
2316,LIP0092,1078
2317,LIP0092,1075
2318,LIP0092,98
2319,LIP0094,1106
2320,LIP0095,1107
2321,LIP0096,1103
2322,LIP0096,1108
2323,LIP0096,1092
2324,LIP0098,1109
2325,LIP0099,1110
2326,LIP0099,1110
2327,LIP0100,1111
2328,LIP0101,1104
2329,LIP0106,1112
2330,LIP0113,1096
2331,LIP0117,1112
2332,LIP0119,98
2333,LIP0122,1116
2334,LIP0123,1109
2335,LIP0125,1114
2336,LIP0128,1105
2337,LIP0129,1117
2338,LIP0131,1101
2339,LIP0131,1104
2340,LIP0133,1118
2341,LIP0141,1110
2342,LIP0141,1113
2343,LIP0142,89
2344,LIP0143,1113
2345,LIP0143,1113
2346,LIP0145,1095
2347,LIP0145,1095
2348,LIP0146,1111
2349,LIP0147,1101
2350,LIP0148,1119
2351,LIP0149,1094
2352,LIP0149,1093
2353,LIP0151,1118
2354,LIP0153,1092
2355,LIP0153,1120
2356,LIP0154,1121
2357,LIP0154,1121
2358,LIP0154,1121
2359,LIP0154,1108
2360,LIP0154,1121
2361,LIP0155,1105
2362,LIP0156,1101
2363,LIP0156,1111
2364,LIP0156,1104
2365,LIP0156,89
2366,LIP0156,1105
2367,LIP0156,1099
2368,LIP0156,1122
2369,LIP0156,1123
2370,LIP0156,1124
2371,LIP0159,1115
2372,LIP0160,1097
2373,LIP0163,1077
2374,LIP0169,1078
2375,LIP0169,1117
2376,LIP0169,1116
2377,LIP0169,1101
2378,LIP0169,1114
2379,LIP0169,1125
2380,LIP0169,98
2381,LIP0169,1077
2382,LIP0169,1084
2383,LIP0174,1126
2384,LIP0174,1091
2385,LIP0174,1127
2386,LIP0174,1085
2387,LIP0174,1089
2388,LIP0174,1128
2389,LIP0174,1082
2390,LIP0174,1129
2391,LIP0174,1126
2392,LIP0174,1091
2393,LIP0174,1090
2394,LIP0174,1081
2395,LIP0174,1087
2396,LIP0174,1081
2397,LIP0174,1090
2398,LIP0174,1127
2399,LIP0174,1127
2400,LIP0174,1127
2401,LIP0174,1087
2402,LIP0174,1129
2403,LIP0174,1128
2404,LIP0175,1079
2405,LET0002,1131
2406,LET0003,1132
2407,LET0004,1133
2408,LET0005,1134
2409,LET0006,1135
2410,LET0012,1137
2411,LET0012,1138
2412,LET0013,1138
2413,LET0013,1137
2414,LET0016,1139
2415,LET0018,1138
2416,LET0018,1140
2417,LET0018,1137
2418,LET0018,1141
2419,LET0018,1130
2420,LET0023,1143
2421,LET0023,1144
2422,LET0023,1145
2423,LET0025,1146
2424,LET0025,1122
2425,LET0025,1145
2426,LET0034,1147
2427,LET0041,1141
2428,LET0041,1141
2429,LET0043,1148
2430,LET0043,1149
2431,LET0048,1151
2432,LET0050,1152
2433,LET0050,1133
2434,LET0050,1134
2435,LET0050,1153
2436,LET0050,1154
2437,LET0050,1155
2438,LET0050,1156
2439,LET0050,1157
2440,LET0050,1158
2441,LET0050,1159
2442,LET0050,1132
2443,LET0050,1160
2444,LET0050,1148
2445,LET0050,1161
2446,LET0050,1162
2447,LET0050,1163
2448,LET0050,1164
2449,LET0050,1165
2450,LET0050,1166
2451,LET0050,1167
2452,LET0050,1168
2453,LET0050,1131
2454,LET0052,1150
2455,LET0052,1166
2456,LET0054,1165
2457,LET0054,1164
2458,LET0055,1169
2459,LET0055,1170
2460,LET0056,1169
2461,LET0056,1171
2462,LET0058,1172
2463,LET0058,1173
2464,LET0064,1172
2465,LET0071,1131
2466,LET0071,1150
2467,LET0072,1174
2468,LET0073,1175
2469,LET0074,1175
2470,LET0075,1176
2471,LET0084,1177
2472,LET0085,1177
2473,LET0086,1178
2474,LET0087,1138
2475,LET0088,1179
2476,LET0093,1180
2477,LET0093,1181
2478,LET0096,1181
2479,LET0096,1180
2480,LET0101,1182
2481,LET0101,1183
2482,LET0102,1183
2483,LET0102,1183
2484,LET0106,1176
2485,LET0115,1164
2486,LET0118,1147
2487,LET0118,1146
2488,LET0120,1147
2489,LET0120,1184
2490,LET0120,1146
2491,LET0122,1185
2492,LET0124,1185
2493,LET0125,1147
2494,LET0126,1185
2495,LET0130,1186
2496,LET0134,1186
2497,LET0138,1186
2498,LET0142,1159
2499,LET0162,1187
2500,LET0162,1188
2501,LET0174,1190
2502,LET0178,1191
2503,LET0182,1155
2504,LET0186,1156
2505,LET0190,1163
2506,LET0194,1158
2507,LET0198,1153
2508,LET0202,1158
2509,LET0206,1153
2510,LET0210,1153
2511,LET0214,1154
2512,LET0218,1151
2513,LET0222,1160
2514,LET0226,1160
2515,LET0234,1156
2516,LET0236,1151
2517,LET0239,1139
2518,LET0239,1125
2519,LET0239,1139
2520,LET0242,1125
2521,LET0245,1192
2522,LET0245,1179
2523,LET0247,1193
2524,LET0247,1177
2525,LET0249,1188
2526,LET0252,1192
2527,LET0252,1173
2528,LET0256,1177
2529,LET0256,1173
2530,LET0260,1074
2531,LET0260,1194
2532,LET0262,1194
2533,LET0262,1172
2534,LET0262,1173
2535,LET0263,1195
2536,LET0264,1137
2537,LET0305,1196
2538,LET0305,1197
2539,LET0305,1198
2540,LET0306,1199
2541,LET0306,1146
2542,LET0307,1132
2543,LET0307,1200
2544,LET0308,1201
2545,LET0311,1140
2546,LET0311,1140
2547,LET0312,1141
2548,LET0312,1202
2549,LET0315,1180
2550,LET0315,1203
2551,LET0317,1204
2552,LET0320,1205
2553,LET0322,1206
2554,LET0323,1204
2555,LET0323,1207
2556,LET0324,1205
2557,LET0324,1208
2558,LET0325,1208
2559,LET0325,1170
2560,LET0326,1209
2561,LET0326,1210
2562,LET0326,1203
2563,LET0326,1210
2564,LET0331,1187
2565,LET0331,1195
2566,LET0331,1211
2567,LET0331,1195
2568,LET0331,1211
2569,LET0331,1187
2570,LET0331,1187
2571,LET0334,1192
2572,LET0337,1135
2573,LET0337,1135
2574,LET0338,1135
2575,LET0338,1135
2576,LET0340,1212
2577,LET0340,1213
2578,LET0344,1200
2579,LET0345,1143
2580,LET0346,1136
2581,LET0347,1214
2582,LET0348,1215
2583,LET0348,1133
2584,LET0351,1213
2585,LET0355,1143
2586,LET0356,1123
2587,LET0360,1216
2588,LET0361,1174
2589,LET0362,1217
2590,LET0363,1218
2591,LET0364,1176
2592,LET0365,1219
2593,LET0366,1219
2594,LET0367,1218
2595,LET0368,1217
2596,LET0369,1216
2597,LET0371,1220
2598,LET0373,1218
2599,LET0373,1175
2600,LET0373,1221
2601,LET0373,1216
2602,LET0373,1220
2603,LET0373,1174
2604,LET0373,1219
2605,LET0373,1217
2606,LET0375,1221
2607,LET0376,1222
2608,LET0376,1222
2609,LET0376,1223
2610,LET0376,1222
2611,LET0377,1222
2612,LET0377,1223
2613,LET0404,1123
2614,LET0406,1215
2615,LET0408,1130
2616,LET0408,1225
2617,LET0410,1224
2618,LET0414,1167
2619,LET0415,1131
2620,LET0415,1161
2621,LET0416,1161
2622,LET0420,1214
2623,LET0421,1161
2624,LET0422,1157
2625,LET0423,1169
2626,LET0424,1166
2627,LET0426,1165
2628,LET0427,1167
2629,LET0429,1134
2630,LET0430,1168
2631,LET0431,1210
2632,LET0434,1226
2633,LET0435,1202
2634,LET0436,1168
2635,LET0437,1157
2636,LET0439,1207
2637,LET0440,1074
2638,LET0441,1147
2639,LET0441,1172
2640,LET0442,1209
2641,LET0444,1227
2642,LET0445,1074
2643,LET0445,1185
2644,LET0445,1208
2645,LET0445,1226
2646,LET0445,1123
2647,LET0445,1202
2648,LET0445,1147
2649,LET0445,1227
2650,LET0445,1209
2651,LET0445,1172
2652,LET0445,1169
2653,LET0445,1224
2654,LET0445,1192
2655,LET0445,1207
2656,LET0446,1226
2657,LET0540,1137
2658,LET0541,1138
2659,LET0555,1195
2660,LET0556,1178
2661,LET0557,1130
2662,MUS0003,1228
2663,MUS0003,1229
2664,MUS0008,1230
2665,MUS0012,1231
2666,MUS0017,1232
2667,MUS0020,1233
2668,MUS0021,1234
2669,MUS0027,1236
2670,MUS0030,1236
2671,MUS0058,1238
2672,MUS0059,1238
2673,MUS0062,1239
2674,MUS0063,1239
2675,MUS0083,1232
2676,MUS0086,1240
2677,MUS0086,1241
2678,MUS0087,1242
2679,MUS0097,1243
2680,MUS0097,1244
2681,MUS0098,1245
2682,MUS0098,1246
2683,MUS0099,1247
2684,MUS0099,1248
2685,MUS0100,1249
2686,MUS0100,1237
2687,MUS0102,1250
2688,MUS0102,1250
2689,MUS0106,1251
2690,MUS0108,29
2691,MUS0120,1238
2692,MUS0122,1252
2693,MUS0129,1230
2694,MUS0129,1239
2695,MUS0129,1240
2696,MUS0133,1240
2697,MUS0133,1231
2698,MUS0136,1230
2699,MUS0136,1240
2700,MUS0136,1253
2701,MUS0136,1231
2702,MUS0139,1254
2703,MUS0139,1254
2704,MUS0142,1254
2705,MUS0142,1254
2706,MUS0145,1254
2707,MUS0145,1254
2708,MUS0148,1239
2709,MUS0148,1239
2710,MUS0151,1245
2711,MUS0151,1245
2712,MUS0158,1252
2713,MUS0161,1252
2714,MUS0166,1252
2715,MUS0169,29
2716,MUS0172,1252
2717,MUS0175,1251
2718,MUS0178,1251
2719,MUS0184,1254
2720,MUS0186,1255
2721,MUS0186,1254
2722,MUS0206,1233
2723,MUS0218,1238
2724,MUS0220,1238
2725,MUS0229,1238
2726,MUS0236,1256
2727,MUS0248,1247
2728,MUS0254,1247
2729,MUS0259,1230
2730,MUS0259,1231
2731,MUS0259,1240
2732,MUS0262,1235
2733,MUS0262,1257
2734,MUS0262,1256
2735,MUS0271,1231
2736,MUS0273,1231
2737,MUS0277,1231
2738,MUS0279,1231
2739,MUS0281,1231
2740,MUS0286,1231
2741,MUS0298,1243
2742,MUS0302,1243
2743,MUS0315,1243
2744,MUS0475,1240
2745,MUS0477,1241
2746,MUS0479,1241
2747,MUS0479,1240
2748,MUS0481,1241
2749,MUS0499,1242
2750,MUS0499,1235
2751,MUS0499,1256
2752,MUS0499,1233
2753,MUS0499,1235
2754,MUS0499,1250
2755,MUS0499,1236
2756,MUS0499,1233
2757,MUS0499,1240
2758,MUS0499,1253
2759,MUS0499,1235
2760,MUS0503,1242
2761,MUS0503,1235
2762,MUS0503,1235
2763,MUS0503,1250
2764,MUS0503,1236
2765,MUS0503,1256
2766,MUS0503,1240
2767,MUS0506,1242
2768,MUS0506,1235
2769,MUS0506,1235
2770,MUS0506,1250
2771,MUS0506,1236
2772,MUS0506,1256
2773,MUS0506,1240
2774,MUS0506,1235
2775,MUS0509,1242
2776,MUS0509,1235
2777,MUS0509,1235
2778,MUS0509,1250
2779,MUS0509,1236
2780,MUS0509,1256
2781,MUS0509,1240
2782,MUS0512,1242
2783,MUS0512,1235
2784,MUS0512,1250
2785,MUS0512,1236
2786,MUS0512,1235
2787,MUS0512,1256
2788,MUS0512,1233
2789,MUS0512,1235
2790,MUS0515,1235
2791,MUS0515,1235
2792,MUS0515,1250
2793,MUS0515,1242
2794,MUS0515,1233
2795,MUS0517,1256
2796,MUS0533,1256
2797,MUS0545,1246
2798,MUS0562,1258
2799,MUS0564,1258
2800,MUS0568,1258
2801,MUS0570,1258
2802,MUS0580,1258
2803,MUS0612,1231
2804,MUS0612,1246
2805,MUS0612,1259
2806,MUS0615,1231
2807,MUS0615,1246
2808,MUS0618,1259
2809,MUS0621,1231
2810,MUS0621,1246
2811,MUS0624,1246
2812,MUS0624,1231
2813,MUS0633,1250
2814,MUS0638,1240
2815,MUS0643,1250
2816,MUS0650,1238
2817,MUS0650,1229
2818,MUS0653,1239
2819,MUS0656,1245
2820,MUS0714,1260
2821,MUS0716,1260
2822,MUS0716,1261
2823,MUS0718,1229
2824,MUS0718,1262
2825,MUS0729,1233
2826,MUS0729,1233
2827,MUS0731,1234
2828,MUS0735,1236
2829,MUS0738,1263
2830,MUS0738,1257
2831,MUS0738,1235
2832,MUS0743,1238
2833,MUS0745,1243
2834,MUS0745,1258
2835,MUS0745,1244
2836,MUS0746,1243
2837,MUS0747,1243
2838,MUS0749,1256
2839,MUS0749,1264
2840,MUS0749,1265
2841,MUS0750,1264
2842,MUS0750,1256
2843,MUS0750,1261
2844,MUS0750,1265
2845,MUS0751,1262
2846,MUS0751,1261
2847,MUS0753,1263
2848,MUS0753,1229
2849,MUS0758,1248
2850,MUS0761,1253
2851,MUS0761,1260
2852,MUS0763,1230
2853,MUS0764,1230
2854,MUS0765,1266
2855,MUS0766,1259
2856,MUS0766,1232
2857,MUS0769,1232
2858,MUS0770,1234
2859,MUS0771,1234
2860,MUS0772,1266
2861,MUS0775,1234
2862,MUS0776,1254
2863,MUS0777,1254
2864,MUS0786,1234
2865,MUS0787,1248
2866,MUS0787,1263
2867,MUS0787,1235
2868,MUS0788,1261
2869,MUS0788,1262
2870,MUS0788,1266
2871,MUS0791,1232
2872,MUS0793,1232
2873,MUS0801,1232
2874,MUS0813,1265
2875,MUS0813,1256
2876,MUS0816,1262
2877,MUS0816,1229
2878,MUS0816,1256
2879,NUT0001,1268
2880,NUT0001,1269
2881,NUT0002,1270
2882,NUT0002,1271
2883,NUT0002,1272
2884,NUT0002,1272
2885,NUT0002,1270
2886,NUT0002,1271
2887,NUT0003,1273
2888,NUT0003,1274
2889,NUT0003,1275
2890,NUT0004,1276
2891,NUT0004,1277
2892,NUT0004,1278
2893,NUT0007,1279
2894,NUT0007,1270
2895,NUT0008,1280
2896,NUT0008,1281
2897,NUT0009,1282
2898,NUT0009,1279
2899,NUT0010,1283
2900,NUT0014,1284
2901,NUT0028,1285
2902,NUT0028,1270
2903,NUT0028,1271
2904,NUT0032,1268
2905,NUT0041,1286
2906,NUT0041,1287
2907,NUT0054,1274
2908,NUT0054,1273
2909,NUT0055,1274
2910,NUT0068,1275
2911,NUT0070,1273
2912,NUT0079,1294
2913,NUT0081,1289
2914,NUT0081,1288
2915,NUT0088,1279
2916,NUT0088,1280
2917,NUT0088,1281
2918,NUT0088,1293
2919,NUT0088,1295
2920,NUT0088,1272
2921,NUT0088,1288
2922,NUT0088,1288
2923,NUT0088,1288
2924,NUT0088,1288
2925,NUT0089,1286
2926,NUT0089,1287
2927,NUT0092,1277
2928,NUT0095,1273
2929,NUT0095,1275
2930,NUT0097,1281
2931,NUT0097,1288
2932,NUT0097,1295
2933,NUT0136,1279
2934,NUT0136,1282
2935,NUT0136,1282
2936,NUT0136,1279
2937,NUT0137,1282
2938,NUT0137,1280
2939,NUT0138,1290
2940,NUT0138,1291
2941,NUT0138,1274
2942,NUT0139,1274
2943,NUT0139,1291
2944,NUT0139,1291
2945,NUT0139,1290
2946,NUT0139,1291
2947,NUT0139,1290
2948,NUT0139,1290
2949,NUT0139,1291
2950,NUT0142,1278
2951,NUT0142,1269
2952,NUT0143,1278
2953,NUT0143,1269
2954,NUT0143,1269
2955,NUT0143,1278
2956,ODT0005,1296
2957,ODT0005,1297
2958,ODT0005,1298
2959,ODT0006,1299
2960,ODT0006,1300
2961,ODT0006,1301
2962,ODT0006,1302
2963,ODT0009,1303
2964,ODT0009,1304
2965,ODT0009,1305
2966,ODT0009,1306
2967,ODT0009,1307
2968,ODT0009,1308
2969,ODT0009,1309
2970,ODT0009,1310
2971,ODT0009,1311
2972,ODT0009,1312
2973,ODT0009,1313
2974,ODT0009,1314
2975,ODT0009,1315
2976,ODT0010,1311
2977,ODT0010,1306
2978,ODT0010,1313
2979,ODT0013,1296
2980,ODT0013,1300
2981,ODT0013,1297
2982,ODT0013,1298
2983,ODT0013,1316
2984,ODT0013,1317
2985,ODT0013,1302
2986,ODT0013,1301
2987,ODT0013,1318
2988,ODT0013,1299
2989,ODT0013,1319
2990,ODT0013,1320
2991,ODT0015,1299
2992,ODT0015,1296
2993,ODT0015,1300
2994,ODT0015,1297
2995,ODT0015,1298
2996,ODT0015,1316
2997,ODT0015,1310
2998,ODT0015,1301
2999,ODT0016,1321
3000,ODT0016,1322
3001,ODT0016,1303
3002,ODT0016,1318
3003,ODT0016,1323
3004,ODT0016,1316
3005,ODT0016,1323
3006,ODT0018,1321
3007,ODT0018,1319
3008,ODT0018,1318
3009,ODT0018,1310
3010,ODT0018,1317
3011,ODT0018,1307
3012,ODT0018,1306
3013,ODT0019,1318
3014,ODT0024,1324
3015,ODT0024,1325
3016,ODT0024,1326
3017,ODT0025,1301
3018,ODT0025,1302
3019,ODT0026,1325
3020,ODT0026,1321
3021,ODT0026,1324
3022,ODT0026,1326
3023,ODT0028,1315
3024,ODT0028,1306
3025,ODT0028,1311
3026,ODT0028,1312
3027,ODT0028,1313
3028,ODT0030,1327
3029,ODT0030,1328
3030,ODT0030,1329
3031,ODT0032,1324
3032,ODT0033,1300
3033,ODT0037,1325
3034,ODT0037,1330
3035,ODT0039,1331
3036,ODT0039,1332
3037,ODT0039,1330
3038,ODT0039,256
3039,ODT0039,1333
3040,ODT0051,1329
3041,ODT0051,1325
3042,ODT0052,1334
3043,ODT0052,1309
3044,ODT0052,1335
3045,ODT0052,1336
3046,ODT0052,1308
3047,ODT0054,1307
3048,ODT0054,1329
3049,ODT0054,1307
3050,ODT0055,1315
3051,ODT0055,1336
3052,ODT0055,1334
3053,ODT0055,1324
3054,ODT0061,1307
3055,ODT0061,1303
3056,ODT0061,1304
3057,ODT0061,1314
3058,ODT0087,1320
3059,ODT0087,1298
3060,ODT0087,1297
3061,ODT0087,1296
3062,ODT0091,1337
3063,ODT0108,1321
3064,ODT0108,1338
3065,ODT0145,1321
3066,ODT0145,1338
3067,ODT0149,1316
3068,ODT0151,1335
3069,ODT0151,1339
3070,ODT0152,1309
3071,ODT0152,1336
3072,ODT0152,1339
3073,ODT0152,1340
3074,ODT0152,1334
3075,ODT0152,1308
3076,ODT0154,1334
3077,ODT0154,1335
3078,ODT0154,1299
3079,ODT0154,1336
3080,ODT0154,1302
3081,ODT0154,1308
3082,ODT0154,1309
3083,ODT0154,1340
3084,ODT0154,1309
3085,ODT0154,1302
3086,ODT0154,1334
3087,ODT0154,1336
3088,ODT0154,1299
3089,ODT0154,1340
3090,ODT0154,1308
3091,ODT0155,1329
3092,ODT0155,1328
3093,ODT0155,1327
3094,ODT0156,1334
3095,ODT0156,1335
3096,ODT0156,1339
3097,ODT0158,1326
3098,ODT0159,1317
3099,ODT0159,1318
3100,ODT0159,1319
3101,PRO0001,1341
3102,PRO0001,1342
3103,PRO0001,1343
3104,PRO0001,1344
3105,PRO0001,1345
3106,PRO0001,1346
3107,PRO0001,1347
3108,PRO0001,1348
3109,PRO0001,1349
3110,PRO0001,1350
3111,PRO0001,1351
3112,PRO0001,1352
3113,PRO0001,1353
3114,PRO0001,1354
3115,PRO0001,1355
3116,PRO0001,1356
3117,PRO0001,1357
3118,PRO0001,1358
3119,PRO0001,1359
3120,PRO0001,1360
3121,PRO0001,1361
3122,PRO0001,1362
3123,PRO0001,1363
3124,PRO0001,1364
3125,PRO0001,1365
3126,PRO0001,1366
3127,PRO0002,1349
3128,PRO0002,1350
3129,PRO0007,1367
3130,PRO0007,1367
3131,PRO0011,1368
3132,PRO0011,1369
3133,PRO0011,1342
3134,PRO0011,1370
3135,PRO0011,1360
3136,PRO0011,1358
3137,PRO0013,1371
3138,PRO0013,1347
3139,PRO0013,1372
3140,PRO0015,1344
3141,PRO0015,1373
3142,PRO0015,1348
3143,PRO0015,1374
3144,PRO0015,1352
3145,PRO0016,1375
3146,PRO0016,1357
3147,PRO0016,1376
3148,PRO0016,1356
3149,PRO0017,1377
3150,PRO0017,1363
3151,PRO0017,1378
3152,PRO0017,1343
3153,PRO0018,1355
3154,PRO0018,1379
3155,PRO0018,1367
3156,PRO0018,1380
3157,PRO0020,1350
3158,PRO0020,1353
3159,PRO0020,1349
3160,PRO0020,1354
3161,PRO0020,1374
3162,PRO0021,1381
3163,PRO0021,1351
3164,PRO0021,1382
3165,PRO0021,1383
3166,PRO0021,1384
3167,PRO0021,1385
3168,PRO0022,1386
3169,PRO0022,1387
3170,PRO0023,1389
3171,PRO0023,1347
3172,PRO0023,1363
3173,PRO0023,1389
3174,PRO0023,1378
3175,PRO0023,1363
3176,PRO0025,1358
3177,PRO0025,1390
3178,PRO0026,1390
3179,PRO0026,1345
3180,PRO0026,1391
3181,PRO0028,1372
3182,PRO0028,1370
3183,PRO0028,1370
3184,PRO0028,1358
3185,PRO0028,1345
3186,PRO0028,1391
3187,PRO0031,1392
3188,PRO0039,1343
3189,PRO0039,1386
3190,PRO0039,1353
3191,PRO0039,1364
3192,PRO0039,1351
3193,PRO0039,1347
3194,PRO0039,1356
3195,PRO0039,1358
3196,PRO0039,1352
3197,PRO0039,1341
3198,PRO0039,1350
3199,PRO0039,1355
3200,PRO0039,1359
3201,PRO0039,1372
3202,PRO0039,1380
3203,PRO0039,1362
3204,PRO0039,1345
3205,PRO0039,1363
3206,PRO0039,1341
3207,PRO0039,1346
3208,PRO0039,1357
3209,PRO0039,1349
3210,PRO0039,1344
3211,PRO0039,1365
3212,PRO0039,1360
3213,PRO0039,1368
3214,PRO0039,1348
3215,PRO0039,1376
3216,PRO0039,1366
3217,PRO0039,1380
3218,PRO0039,1393
3219,PRO0039,1394
3220,PRO0047,1395
3221,PRO0047,1359
3222,PRO0047,1346
3223,PRO0047,1361
3224,PRO0052,1351
3225,PRO0060,1364
3226,PRO0063,1371
3227,PRO0063,1371
3228,PRO0063,1380
3229,PRO0064,1362
3230,PRO0065,1343
3231,PRO0065,1378
3232,PRO0065,1343
3233,DSC0007,1397
3234,DSC0010,1398
3235,DSC0010,1398
3236,DSC0016,1399
3237,DSC0020,1400
3238,DSC0020,1401
3239,DSC0025,1402
3240,DSC0025,1403
3241,DSC0037,1404
3242,DSC0037,1405
3243,DSC0038,1406
3244,DSC0044,1407
3245,DSC0044,1399
3246,DSC0049,1408
3247,DSC0050,1409
3248,DSC0050,1410
3249,DSC0050,1407
3250,DSC0050,1411
3251,DSC0051,1412
3252,DSC0051,1413
3253,DSC0052,1414
3254,DSC0052,1398
3255,DSC0056,1407
3256,DSC0057,1415
3257,DSC0058,1416
3258,DSC0059,1417
3259,DSC0060,1402
3260,DSC0060,1408
3261,DSC0061,1401
3262,DSC0062,1415
3263,DSC0062,1418
3264,DSC0063,1418
3265,DSC0065,1418
3266,DSC0067,1397
3267,DSC0067,1410
3268,DSC0067,1409
3269,DSC0069,1400
3270,DSC0070,1419
3271,DSC0070,1420
3272,DSC0070,1421
3273,DSC0072,1422
3274,DSC0072,1420
3275,DSC0073,1423
3276,DSC0073,1424
3277,DSC0075,1399
3278,DSC0076,1425
3279,DSC0076,1417
3280,DSC0078,1397
3281,DSC0079,1426
3282,DSC0083,1417
3283,DSC0086,1402
3284,DSC0086,1418
3285,DSC0092,1404
3286,DSC0093,1398
3287,DSC0094,1427
3288,DSC0094,1428
3289,DSC0094,1427
3290,DSC0095,1396
3291,SER0001,1429
3292,SER0001,1430
3293,SER0001,1431
3294,SER0007,1432
3295,SER0015,1433
3296,SER0015,1434
3297,SER0024,1435
3298,SER0024,1436
3299,SER0033,44
3300,SER0033,1437
3301,SER0035,1438
3302,SER0035,1439
3303,SER0048,1436
3304,SER0048,1440
3305,SER0048,1441
3306,SER0048,1441
3307,SER0048,1442
3308,SER0052,1443
3309,SER0052,1444
3310,SER0062,1445
3311,SER0076,1446
3312,SER0076,1445
3313,SER0096,1447
3314,SER0096,1448
3315,SER0101,1447
3316,SER0101,1449
3317,SER0103,1450
3318,SER0103,1451
3319,SER0105,1432
3320,SER0105,1452
3321,SER0107,1453
3322,SER0107,1451
3323,SER0107,1431
3324,SER0107,1430
3325,SER0107,1439
3326,SER0109,1432
3327,SER0109,1448
3328,SER0109,1436
3329,SER0110,1454
3330,SER0110,1454
3331,SER0112,1446
3332,SER0112,1451
3333,SER0113,1438
3334,SER0115,44
3335,SER0115,1449
3336,SER0118,1453
3337,SER0118,1445
3338,SER0118,1447
3339,SER0118,1452
3340,SER0118,1450
3341,SER0119,1448
3342,SER0119,1447
3343,SER0119,1452
3344,SER0119,1450
3345,SER0119,1454
3346,SER0120,1453
3347,SER0120,1447
3348,SER0120,1446
3349,SER0120,1450
3350,SER0120,1454
3351,SER0121,1444
3352,SER0121,1454
3353,SER0127,1455
3354,SER0127,1455
3355,SER0130,1444
3356,SER0130,1434
3357,SER0132,1429
3358,SER0133,1449
3359,TEC0001,1456
3360,TEC0002,1457
3361,TEC0003,1457
3362,TEC0007,1458
3363,TEC0007,1457
3364,TEC0013,1459
3365,TEC0014,1359
3366,TEC0014,1359
3367,TEC0014,1458
3368,TEC0014,1458
3369,TEC0016,1362
3370,TEC0016,1460
3371,TEC0016,1377
3372,TEC0016,1460
3373,TEC0017,1356
3374,TEC0018,1461
3375,TEC0019,1462
3376,TEC0019,1463
3377,TEC0022,1464
3378,TEC0022,1465
3379,TEC0023,1464
3380,TEC0023,1464
3381,TEC0026,1341
3382,TEC0026,1341
3383,TEC0027,1373
3384,TEC0027,1466
3385,TEC0027,1373
3386,TEC0027,1466
3387,TEC0027,1384
3388,TEC0027,1466
3389,TEC0027,1466
3390,TEC0027,1384
3391,TEC0028,1377
3392,TEC0028,1377
3393,TEC0029,1377
3394,TEC0029,1377
3395,TEC0038,1467
3396,TEC0039,1467
3397,TEC0041,1456
3398,TEC0042,1376
3399,TEC0043,1459
3400,TEC0044,1459
3401,TAU0001,1383
3402,TAU0001,1383
3403,TAU0002,1468
3404,TAU0002,1385
3405,TAU0002,1469
3406,TAU0002,1369
3407,TAU0005,1471
3408,TAU0005,1365
3409,TAU0005,1342
3410,TAU0006,1471
3411,TAU0006,1368
3412,TAU0006,1365
3413,TAU0007,1471
3414,TAU0007,1375
3415,TAU0007,1342
3416,TAU0007,1361
3417,TAU0008,1380
3418,TAU0008,1472
3419,TAU0009,1473
3420,TAU0009,1474
3421,TAU0009,1474
3422,TAU0009,1473
3423,TAU0011,1470
3424,TAU0011,1468
3425,TAU0011,1470
3426,TAU0011,1468
3427,TAU0012,1355
3428,TAU0012,1372
3429,TAU0012,1351
3430,TAU0012,1349
3431,TAU0012,1362
3432,TAU0012,1457
3433,TAU0012,1353
3434,TAU0012,1470
3435,TAU0012,1345
3436,TAU0012,1343
3437,TAU0012,1458
3438,TAU0012,1367
3439,TAU0012,1358
3440,TAU0012,1368
3441,TAU0012,1369
3442,TAU0012,1380
3443,TAU0012,1464
3444,TAU0012,1469
3445,TAU0012,1363
3446,TAU0012,1346
3447,TAU0012,1352
3448,TAU0012,1393
3449,TAU0012,1360
3450,TAU0012,1475
3451,TAU0012,1476
3452,TAU0012,1394
3453,TAU0013,1477
3454,TAU0013,1364
3455,TAU0013,1477
3456,TAU0013,1364
3457,TAU0025,1469
3458,TAU0025,1476
3459,TAU0025,1478
3460,TAU0025,1478
3461,TAU0026,1472
3462,TEL0006,1480
3463,TEL0006,1481
3464,TEL0007,1482
3465,TEL0007,1482
3466,TEL0008,1481
3467,TEL0011,1483
3468,TEL0014,1484
3469,TEL0014,1479
3470,TEL0014,1485
3471,TEL0014,1486
3472,TEL0014,1485
3473,TEL0014,1486
3474,TEL0014,1486
3475,TEL0016,1487
3476,TEL0016,1488
3477,TEL0021,1489
3478,TEL0021,1489
3479,TEL0022,1490
3480,TEL0022,1490
3481,TEL0022,1491
3482,TEL0022,1492
3483,TEL0023,1489
3484,TEL0023,1493
3485,TEL0023,1492
3486,TEL0023,1492
3487,TEL0024,1494
3488,TEL0024,1492
3489,TEL0024,1489
3490,TEL0026,83
3491,TEL0026,1495
3492,TEL0026,1496
3493,TEL0027,1491
3494,TEL0027,1493
3495,TEL0029,1486
3496,TEL0032,1149
3497,TEL0032,1149
3498,TEL0033,1149
3499,TEL0034,1148
3500,TEL0035,1148
3501,TEL0040,1497
3502,TEL0041,1497
3503,TEL0042,1498
3504,TEL0043,1498
3505,TEL0044,1499
3506,TEL0045,1497
3507,TEL0046,1499
3508,TEL0047,1497
3509,TEL0060,1500
3510,TEL0060,1500
3511,TEL0090,1503
3512,TEL0090,1494
3513,TEL0090,1496
3514,TEL0090,1479
3515,TEL0098,1501
3516,TEL0102,1506
3517,TEL0102,1505
3518,TEL0106,1504
3519,TEL0106,1505
3520,TEL0107,1505
3521,TEL0107,1506
3522,TEL0108,1508
3523,TEL0109,1509
3524,TEL0114,1217
3525,TEL0116,1217
3526,TEL0118,1488
3527,TEL0118,1511
3528,TEL0118,1490
3529,TEL0118,1499
3530,TEL0118,1484
3531,TEL0118,1481
3532,TEL0118,1483
3533,TEL0118,1508
3534,TEL0118,1480
3535,TEL0118,1496
3536,TEL0118,1512
3537,TEL0118,1486
3538,TEL0118,1479
3539,TEL0118,1494
3540,TEL0118,1501
3541,TEL0118,1499
3542,TEL0118,1489
3543,TEL0118,1493
3544,TEL0118,1480
3545,TEL0118,1496
3546,TEL0118,1484
3547,TEL0118,1500
3548,FAV0003,1513
3549,FAV0003,1514
3550,FAV0003,1515
3551,FAV0003,1513
3552,FAV0003,1515
3553,FAV0003,1514
3554,FAV0004,1515
3555,FAV0004,1513
3556,FAV0004,1514
3557,FAV0004,1514
3558,FAV0004,1515
3559,FAV0004,1513
3560,FAV0005,1516
3561,FAV0005,1517
3562,FAV0005,1518
3563,FAV0005,1519
3564,FAV0005,1520
3565,FAV0006,1520
3566,FAV0006,1521
3567,FAV0006,1519
3568,FAV0006,1522
3569,FAV0006,1516
3570,FAV0006,1513
3571,FAV0006,1517
3572,FAV0006,1514
3573,FAV0006,1523
3574,FAV0007,1517
3575,FAV0007,1518
3576,FAV0007,1519
3577,FAV0007,1520
3578,FAV0007,1516
3579,FAV0008,1524
3580,FAV0009,1525
3581,FAV0009,1526
3582,FAV0010,1527
3583,FAV0011,1528
3584,FAV0011,1529
3585,FAV0012,1525
3586,FAV0013,1530
3587,FAV0013,1529
3588,FAV0013,1531
3589,FAV0013,1532
3590,FAV0013,1527
3591,FAV0013,1526
3592,FAV0013,1524
3593,FAV0013,33
3594,FAV0013,460
3595,FAV0013,497
3596,FAV0013,1528
3597,FAV0013,1525
3598,FAV0014,33
3599,FAV0014,1529
3600,FAV0014,1532
3601,FAV0014,435
3602,FAV0014,1531
3603,FAV0014,1533
3604,FAV0014,1534
3605,FAV0014,1524
3606,FAV0014,1527
3607,FAV0014,1526
3608,FAV0014,497
3609,FAV0014,1530
3610,FAV0014,1532
3611,FAV0014,1528
3612,FAV0015,1535
3613,FAV0016,1536
3614,FAV0016,1537
3615,FAV0016,1538
3616,FAV0017,1539
3617,FAV0018,1535
3618,FAV0018,1535
3619,FAV0020,1540
3620,FAV0020,1541
3621,FAV0020,1542
3622,FAV0020,1543
3623,FAV0025,1544
3624,FAV0027,1545
3625,FAV0027,1546
3626,FAV0028,1547
3627,FAV0028,1547
3628,FAV0029,1548
3629,FAV0029,1549
3630,FAV0029,1548
3631,FAV0029,1549
3632,FAV0030,1550
3633,FAV0030,1551
3634,FAV0030,1552
3635,FAV0031,1553
3636,FAV0031,1553
3637,FAV0032,1545
3638,FAV0032,1554
3639,FAV0032,1546
3640,FAV0034,1555
3641,FAV0034,1547
3642,FAV0037,1556
3643,FAV0037,1555
3644,FAV0038,1557
3645,FAV0038,1554
3646,FAV0038,1554
3647,FAV0042,1558
3648,FAV0042,1558
3649,FAV0042,1559
3650,FAV0042,1559
3651,FAV0043,1547
3652,FAV0043,1547
3653,FAV0044,1560
3654,FAV0046,1561
3655,FAV0052,1562
3656,FAV0052,1563
3657,FAV0053,1564
3658,FAV0053,1564
3659,FAV0054,1565
3660,FAV0054,1566
3661,FAV0066,1568
3662,FAV0066,1569
3663,FAV0066,1568
3664,FAV0066,1569
3665,FAV0069,1565
3666,FAV0069,1566
3667,FAV0069,1565
3668,FAV0069,1566
3669,FAV0084,1537
3670,FAV0084,1536
3671,FAV0084,1538
3672,FAV0088,1540
3673,FAV0088,1570
3674,FAV0088,1540
3675,FAV0088,1570
3676,FAV0095,1571
3677,FAV0095,1572
3678,FAV0095,1571
3679,FAV0095,1572
3680,FAV0101,1556
3681,FAV0101,1572
3682,FAV0105,1573
3683,FAV0109,1574
3684,FAV0113,1575
3685,FAV0113,1575
3686,FAV0137,1576
3687,FAV0137,1577
3688,FAV0137,1576
3689,FAV0137,1577
3690,FAV0144,1578
3691,FAV0152,1579
3692,FAV0158,1580
3693,FAV0158,1581
3694,FAV0160,1537
3695,FAV0160,1538
3696,FAV0160,1536
3697,FAV0161,1582
3698,FAV0161,1583
3699,FAV0165,1521
3700,FAV0165,1518
3701,FAV0165,1584
3702,FAV0166,1585
3703,FAV0166,1585
3704,FAV0167,1583
3705,FAV0167,1582
3706,FAV0168,1586
3707,FAV0169,1587
3708,FAV0173,1588
3709,FAV0173,1589
3710,FAV0173,1588
3711,FAV0173,1589
3712,FAV0178,1563
3713,FAV0178,1562
3714,FAV0179,1590
3715,FAV0180,1591
3716,FAV0181,1574
3717,FAV0181,1592
3718,FAV0182,1553
3719,FAV0182,1553
3720,FAV0186,1587
3721,FAV0199,1522
3722,FAV0206,1594
3723,FAV0206,1595
3724,FAV0207,1584
3725,FAV0208,1586
3726,FAV0211,1567
3727,FAV0211,1567
3728,FAV0222,1571
3729,FAV0222,1547
3730,FAV0229,1596
3731,FAV0229,1596
3732,FAV0234,1519
3733,FAV0236,1568
3734,FAV0236,1569
3735,FAV0237,1598
3736,FAV0237,1598
3737,FAV0239,1592
3738,FAV0243,1514
3739,FAV0243,1515
3740,FAV0243,1513
3741,FAV0245,1578
3742,FAV0246,1574
3743,FAV0248,1549
3744,FAV0249,1548
3745,FAV0253,1576
3746,FAV0259,1599
3747,FAV0259,1599
3748,FAV0261,1593
3749,FAV0263,1600
3750,FAV0266,1601
3751,FAV0266,1601
3752,FAV0266,1602
3753,FAV0273,1603
3754,FAV0273,1603
3755,FAV0273,1604
3756,FAV0274,1541
3757,FAV0274,1543
3758,FAV0274,1542
3759,FAV0275,1593
3760,FAV0275,1593
3761,FAV0276,1591
3762,FAV0276,1600
3763,FAV0276,1600
3764,FAV0276,1591
3765,FAV0279,1597
3766,FAV0279,1597
3767,FAV0284,1605
3768,FAV0284,1605
3769,FAV0284,1579
3770,FAV0285,1604
3771,FAV0287,1561
3772,FAV0292,1551
3773,FAV0292,1550
3774,FAV0295,1544
3775,FAV0297,1609
3776,FAV0303,1610
3777,FAV0304,1602
3778,FAV0309,1596
3779,FAV0315,1611
3780,FAV0315,1523
3781,FAV0319,1550
3782,FAV0328,1535
3783,FAV0328,1595
3784,FAV0328,1594
3785,FAV0329,1539
3786,FAV0330,1592
3787,FAV0332,1581
3788,FAV0332,1580
3789,FAV0334,1577
3790,FAV0337,1523
3791,FAV0339,497
3792,FAV0344,1612
3793,FAV0345,497
3794,FAV0346,1532
3795,FAV0347,1589
3796,FAV0349,1588
3797,FAV0350,1551
3798,FAV0351,1613
3799,FAV0354,1533
3800,FAV0355,1529
3801,FCE0006,287
3802,FCE0006,287
3803,FCE0006,1617
3804,FCE0006,1617
3805,FCE0009,1618
3806,FCE0011,1619
3807,FCE0012,1620
3808,FCE0013,1621
3809,FCE0022,1623
3810,FCE0024,1624
3811,FCE0025,1625
3812,FCE0034,1627
3813,FCE0034,1628
3814,FCE0034,1629
3815,FCE0034,1623
3816,FCE0034,1630
3817,FCE0034,1625
3818,FCE0034,1631
3819,FCE0034,1626
3820,FCE0034,1632
3821,FCE0034,1633
3822,FCE0034,1631
3823,FCE0034,1628
3824,FCE0034,1623
3825,FCE0034,1629
3826,FCE0034,1625
3827,FCE0034,1633
3828,FCE0034,1630
3829,FCE0034,1632
3830,FCE0034,1626
3831,FCE0034,1627
3832,FCE0035,1626
3833,FCE0035,1630
3834,FCE0035,1634
3835,FCE0035,1635
3836,FCE0035,1636
3837,FCE0035,1637
3838,FCE0035,1638
3839,FCE0035,1618
3840,FCE0035,1639
3841,FCE0035,1640
3842,FCE0035,1630
3843,FCE0035,1639
3844,FCE0035,1628
3845,FCE0035,1640
3846,FCE0035,1638
3847,FCE0035,1626
3848,FCE0035,1637
3849,FCE0035,1618
3850,FCE0035,1635
3851,FCE0035,1634
3852,FCE0035,1636
3853,FCE0036,1631
3854,FCE0036,1638
3855,FCE0036,1624
3856,FCE0036,1639
3857,FCE0036,1640
3858,FCE0036,1641
3859,FCE0036,1634
3860,FCE0036,1618
3861,FCE0036,1637
3862,FCE0036,1636
3863,FCE0038,1642
3864,FCE0040,1643
3865,FCE0042,1643
3866,FCE0043,1644
